ID,composition,source,temperature,target,log10_target,family,ChemicalFamily,log10_predict,Ionic_Conductivity,Residue_Square,Predicted_log_IC,Predicted_IC_S_cm
363,Li1.2Fe0.2Hf1.8(PO4)3,10.1016/0167-2738(93)90387-I,298.15,0.00017,-3.769551078621726,NASICON,Oxides,-2.8803844,0.00131709,0.790617384,-3.769695509134304,0.00016994347359714139
153,"""(LiCl)0.25 ((Li2O)0.6 (P2O5)0.4)0.75""",10.1016/j.jpowsour.2008.07.089,296.81,2.45e-06,-5.610833915635467,Glass,Oxides and Other Anions,-4.702418511,1.98e-05,0.825218549,-5.4283819907094495,3.729220039428222e-06
771,Li6.75La3Zr1.875Te0.125O12 ,10.1016/j.jpowsour.2013.03.166,303.15,3.77e-05,-4.423658649794207,Garnet,Oxides,-4.027784081,9.38e-05,0.157173346,-4.305024325598302,4.95422440544775e-05
423,Li1.6Al0.6Ge1.4(PO4)3,10.1016/S0955-2219(99)00055-2,298.15,0.00014,-3.853871964321762,NASICON,Oxides,-2.866388511,0.001360227,0.97512357,-3.811536061519064,0.00015433482665185236
2017,Li4Al0.33Si0.33P0.33O4,10.1021/acsami.6b14402,298.15,3.25e-06,-5.488116639021126,LISICON,Oxides,-4.722036431,1.9e-05,0.586554398,-5.2754726411091974,5.303069988890106e-06
425,Li1.7Al0.7Ti1.3(PO4)3,10.1016/S0955-2219(99)00055-2,298.15,3.7e-05,-4.431798275933005,NASICON,Oxides,-3.975433363,0.00010582,0.208268933,-4.332087362545499,4.654924457858029e-05
613,Li0.34La0.56TiO3,10.1016/S0167-2738(98)00070-8,298.15,0.00153,-2.815308569182401,Perovskite,Oxides,-2.550336624,0.002816199,0.070210132,-4.220446739733896,6.0194007807412547e-05
927,Li0.022 La0.118 Ti0.2 Al0.004 O0.631,10.1007/BF02378009,303.15,0.000891,-3.050122295963125,Perovskite,Oxides,-2.143292023,0.007189654,0.822076003,-3.2943545396698437,0.00050774477193981
365,Li1.3In0.3Hf1.7(PO4)3,10.1016/0167-2738(93)90387-I,298.15,0.000142,-3.8477116556169433,NASICON,Oxides,-3.444653918,0.000359208,0.16245554,-3.926737229095597,0.0001183757574411688
716,Li3VO4,10.1016/S0924-0136(01)01044-5,298.15,1.67e-06,-5.777283528852417,LISICON,Oxides,-4.648436696,2.25e-05,1.274295173,-5.602819113971683,2.495633955705191e-06
410,Li2FeTi(PO4)3,10.1016/S0167-2738(96)00565-6,298.15,3.34e-07,-6.476253533188435,NASICON,Oxides,-5.592621202,2.55e-06,0.780806096,-6.063592869683089,8.637879282224099e-07
554,Li3P0.6V0.4O4,10.1021/acs.chemmater.8b01504,303.15,3.2e-13,-12.494850021680094,LISICON,Oxides,-11.11907943,7.6e-12,1.892744707,-10.696006499319285,2.013694114229847e-11
83,Li0.33La0.56Ti0.96Al0.04O2.96F0.04,10.1007/s11581-006-0011-9,298.15,0.000622,-3.2062096153091812,Perovskite,Oxides and Other Anions,-2.791977651,0.001614442,0.17158812,-3.35927260001681,0.00043724756538282144
221,Li6CaLa2Ta2O12,10.1016/j.ssi.2008.10.022,300.15,2.24e-06,-5.649751981665837,Garnet,Oxides,-4.581988098,2.62e-05,1.140119712,-5.326103987676174,4.719500237967156e-06
398,Li0.9Zr1.9Nb0.1(PO4)3,10.1016/j.ssi.2003.12.037,298.15,1.35e-06,-5.8696662315049934,NASICON,Oxides,-5.289245494,5.14e-06,0.336888233,-5.606722852229066,2.4733019948190414e-06
769,Li6.75La3Zr1.75Nb0.25O12 ,10.1016/j.jpowsour.2010.11.089,298.15,0.0008,-3.0969100130080562,Garnet,Oxides,-2.231330547,0.005870424,0.749227812,-3.4319026266722443,0.0003699111083907604
657,Li0.20La0.66Ti0.80Al0.20O3,10.1021/cm011149s,298.15,4.28e-05,-4.368556230986828,Perovskite,Oxides,-3.624183289,0.000237584,0.554091076,-4.270398138714495,5.36539698999735e-05
777,Li6.25La3Zr2Ga0.25O12,10.1016/j.matchemphys.2012.03.054,298.15,0.00035,-3.4559319556497243,Garnet,Oxides,-2.834683644,0.001463243,0.385949465,-3.565776775830271,0.00027178358575329336
457,Li1.2Fe0.2Ti1.8(PO4)3,10.1149/1.2086597,298.15,0.000351,-3.4546928835341757,NASICON,Oxides,-2.742181211,0.001810584,0.507672884,-3.4248337465494583,0.0003759813071684524
615,Nd0.25Li0.25TaO3,10.1016/S0167-2738(98)00414-7,298.15,1.91e-06,-5.718966632752273,Perovskite,Oxides,-4.930536521,1.17e-05,0.621622042,-5.517212823422916,3.0393952231541755e-06
502,Li4P2S6,10.1016/j.ssi.2015.10.015,298.15,2.57e-07,-6.590066876668706,Glass,Sulphides,-6.079059294,8.34e-07,0.26112875,-5.989378284872331,1.0247589384338611e-06
488,Li7Ge3PS12,10.1016/j.jssc.2016.12.001,298.15,0.00011,-3.958607314841775,Thio-LISICON,Sulphides,-3.0781599,0.000835295,0.77518765,-3.860700569139286,0.00013781593340821493
473,Li1.5Ga0.5Ge1.5(PO4)3,10.1246/bcsj.65.2200,298.15,0.000117,-3.9318141382538383,NASICON,Oxides,-3.178848288,0.000662448,0.566957571,-3.850982778380341,0.00014093446838127845
637,Li0.1Sr0.8Ti0.7Nb0.3O3,10.1149/1.1629102,298.15,1e-08,-8.0,Perovskite,Oxides,-7.097874446,7.98e-08,0.813830515,-6.2033902758544786,6.260510152189737e-07
779,Li2.2Zn0.1Zr0.9S3,10.1016/j.ssi.2008.01.055,303.15,0.00012,-3.9208187539523753,Thio-LISICON,Sulphides,-3.169339191,0.000677112,0.564721533,-3.841371442267273,0.00014408824701197861
756,Li6.05P0.95Si0.05S5Br,10.1039/c7ta08581h,298.15,0.000441,-3.3555614105321614,Argyrodite,Sulphides and Other Anions,-2.685582062,0.002062614,0.448872328,-3.5621749559179814,0.00027404699487699265
804,Li6.8La3Zr1.8Ta0.2O12 ,10.1039/C2JM31413D,298.15,0.00028,-3.552841968657781,Garnet,Oxides,-2.891109085,0.001284964,0.43789041,-3.551420070047991,0.00028091823426071923
99,Li1.3Al0.3Ti1.7(PO4)3,10.1007/s11581-007-0197-5,294.57,3.33e-07,-6.47755576649368,NASICON,Oxides,-5.949503915,1.12e-06,0.278838758,-6.100387954625863,7.936189793088724e-07
461,Li1.4In0.4Ti1.6(PO4)3,10.1149/1.2086597,298.15,0.0003,-3.5228787452803374,NASICON,Oxides,-2.934565308,0.001162612,0.3461127,-3.5476551240514635,0.0002833641314769818
150,"""(Li2S)0.875 (P2S5)0.125""",10.1016/j.jpowsour.2006.04.037,298.15,0.00021,-3.677780705266081,Glass,Sulphides,-3.086709918,0.000819012,0.349364676,-3.648847680821335,0.00022446690537369484
611,Nd0.55Li0.34TiO3,10.1016/0167-2738(94)90310-7,298.15,8e-08,-7.096910013008056,Perovskite,Oxides,-6.474341356,3.35e-07,0.387591732,-6.736830943277765,1.833027821647095e-07
433,Li1.4Al0.4Ge1.0Ti0.6(PO4)3,10.1021/cm021717j,298.15,8e-05,-4.096910013008056,NASICON,Oxides,-3.210634159,0.000615695,0.785484889,-4.025838798652185,9.422392718263561e-05
466,Li1.2Cr0.2Ti1.8(PO4)3,10.1149/1.2086597,298.15,1.83e-05,-4.73754891026957,NASICON,Oxides,-3.966969754,0.000107902,0.593792235,-4.583698324141032,2.607964502641152e-05
409,Li2CrTi(PO4)3,10.1016/S0167-2738(96)00565-6,298.15,4.41e-07,-6.355561410532162,NASICON,Oxides,-5.304000224,4.97e-06,1.10578093,-5.922202080371899,1.1961838087929147e-06
705,Li4GeO4,10.1016/0025-5408(76)90235-X,298.15,3.1e-12,-11.508638306165727,LISICON,Oxides,-10.67018135,2.14e-11,0.703010069,-8.02866659145479,9.361240622483488e-09
714,LiLa(TiO3)2,10.1016/S0167-2738(00)00761-X,298.15,0.001,-3.0,Perovskite,Oxides,-2.418265217,0.003817111,0.338415358,-4.102919140099587,7.8900700663451e-05
333,Li1.2Sc0.2Ti1.8(PO4)3,10.1016/0167-2738(86)90179-7,298.15,0.000246,-3.6090648928966207,NASICON,Oxides,-2.650296075,0.002237195,0.919237646,-3.734222833844135,0.00018440689958679153
2027,Li3.6Ge0.4P0.6S4,10.1149/1.1379028,298.15,0.000221356,-3.6549087016879542,Thio-LISICON,Sulphides,-3.243325941,0.00057105,0.169400951,-3.66577805242963,0.00021588474130892758
366,Li1.4In0.4Hf1.6(PO4)3,10.1016/0167-2738(93)90387-I,298.15,0.000142,-3.8477116556169433,NASICON,Oxides,-2.808816779,0.001553042,1.079302565,-3.810623782021436,0.00015465936331128746
591,Li0.245La0.592Ti0.98Mn0.02O3,10.1006/jssc.1998.7904,298.15,0.001,-3.0,Perovskite,Oxides,-2.236156175,0.005805556,0.583457389,-4.45783118834483,3.484727411838792e-05
594,La0.51Li0.36Ti0.95W0.05O3,10.1007/BF02375549,298.15,0.00073,-3.136677139879544,Perovskite,Oxides,-2.739017458,0.001823822,0.158133223,-3.671410955640826,0.0002131027452030188
904,Li0.95Mg0.95In0.05PO4,10.1021/cm504518q,298.15,1.12e-10,-9.950781977329818,Olivine,Oxides,-8.517563723,3.04e-09,2.054114564,-9.08716842991808,8.18147429211608e-10
342,LiTi1.8Zr0.2(PO4)3,10.1016/0167-2738(86)90179-7,298.15,8.5e-08,-7.070581074285707,NASICON,Oxides,-6.354343047,4.42e-07,0.512996911,-6.533696027380583,2.926199775254529e-07
789,Li4SnS4,10.1021/cm3011315,298.15,7e-05,-4.154901959985743,Thio-LISICON,Sulphides,-3.07000405,0.00085113,1.177003476,-4.076353971846696,8.387760631614404e-05
439,Li1.8Al0.8Ge1.0Ti0.2(PO4)3,10.1021/cm021717j,298.15,3e-05,-4.522878745280337,NASICON,Oxides,-4.022280629,9.5e-05,0.250598474,-4.366599708136511,4.2993251561074414e-05
642,Li0.3Sr0.6Ti0.5Ta0.5O3,10.1149/1.1629102,303.15,0.00017,-3.769551078621726,Perovskite,Oxides,-3.305797058,0.000494542,0.215067792,-3.7331452473867115,0.00018486502447313406
446,LiCrSb(PO4)3,10.1063/1.2357843,303.15,3.57e-10,-9.447331783887806,NASICON,Oxides,-8.276883757,5.29e-09,1.369948584,-8.086190153734387,8.199924360040688e-09
772,Li10Ge0.95Si0.05P2S12,10.1016/j.jpowsour.2014.07.159,298.15,0.0086,-2.065501548756432,Thio-LISICON,Sulphides,-1.158925738,0.069354439,0.821879702,-2.688269313150413,0.002049890613726074
453,Li1.2Y0.2Ti1.8(PO4)3,10.1149/1.2086597,298.15,0.000504,-3.2975694635544746,NASICON,Oxides,-2.864950613,0.001364738,0.18715907,-3.474964084554137,0.0003349931413991862
543,Li3.2Ge0.2P0.8O4,10.1021/acs.chemmater.8b01504,303.15,1.14e-06,-5.943095148663527,LISICON,Oxides,-5.384075253,4.13e-06,0.312503244,-5.755981560624316,1.753954970087145e-06
853,"""(Li2S)9(LaOI)""",10.1016/j.ssi.2008.01.072,303.15,8.13e-09,-8.089909454405932,Glass,Sulphides and Other Anions,-7.287939267,5.15e-08,0.64315618,-7.078177653030717,8.352612753426095e-08
463,Li1.5Fe0.5Ti1.5(PO4)3,10.1149/1.2086597,298.15,0.000175,-3.7569619513137056,NASICON,Oxides,-3.311291009,0.000488325,0.198622588,-3.8839939641527033,0.00013061890414889254
903,LiMgPO4,10.1021/cm504518q,298.15,6.31e-12,-11.199970640755865,Olivine,Oxides,-9.776344689,1.67e-10,2.026710849,-10.46253878505562,3.44715820045043e-11
2022,Li3Cr(MoO4)3,10.1039/B301189e,298.15,3.19e-09,-8.496209316942819,LISICON,Oxides,-7.300554434,5.01e-08,1.430150991,-7.756536119888359,1.7517167394164252e-08
470,Li1.5La0.5Ti1.5(PO4)3,10.1149/1.2096693,298.15,0.000282,-3.549750891680639,NASICON,Oxides,-3.062910797,0.000865146,0.237013278,-3.599017973156169,0.00025175727365564293
336,Li1.1Sc0.1Ti1.9(PO4)3,10.1016/0167-2738(86)90179-7,298.15,0.000158,-3.8013429130455774,NASICON,Oxides,-3.373802487,0.000422861,0.182790815,-3.844703097604347,0.00014298711458924967
800,Li6.5La3Zr1.5Ta0.5O12 ,10.1039/C2JM31413D,298.15,0.00092,-3.036212172654445,Garnet,Oxides,-2.668600905,0.002144861,0.135138045,-3.4593993744022686,0.000347216716334765
456,Li1.3Y0.3Ti1.7(PO4)3,10.1149/1.2086597,298.15,0.000554,-3.25649023527157,NASICON,Oxides,-2.695925258,0.002014071,0.314233094,-3.585772760624474,0.00025955370905128973
636,La0.313Li0.06NbO3,10.1016/S0167-2738(98)00266-5,298.15,2.33e-05,-4.632644078973981,Other,Oxides,-3.705405244,0.000197058,0.859771856,-4.523027718163933,2.9989711082536427e-05
427,Li1.1Al0.1Ge1.9(PO4)3,10.1016/S0955-2219(99)00055-2,298.15,2.9e-06,-5.5376020021010435,NASICON,Oxides,-4.827133441,1.49e-05,0.504765576,-5.34317632517126,4.53757352077909e-06
128,"""(Li2O)50 (Al2O3)3 (P2O5)47""",10.1016/j.jeurceramsoc.2008.12.016,298.15,5.75e-09,-8.24033215531037,Glass,Oxides,-6.904358631,1.25e-07,1.784825256,-7.385703245501344,4.114307567358503e-08
744,Li6.50P0.50Si0.50S5Br,10.1039/c7ta08581h,298.15,0.0023,-2.638272163982407,Argyrodite,Sulphides and Other Anions,-1.691885902,0.02032891,0.895646957,-3.3344942739573176,0.00046291976719586576
821,Li10SiP2S12,10.1149/2.0501412jes,300.15,0.0023,-2.638272163982407,Thio-LISICON,Sulphides,-2.42206373,0.003783871,0.046746087,-3.424298910682211,0.0003764446152885018
460,Li1.4Fe0.4Ti1.6(PO4)3,10.1149/1.2086597,298.15,0.000386,-3.413412695328245,NASICON,Oxides,-2.699723031,0.001996535,0.509352936,-3.5503402825600197,0.0002816175509857173
718,Li4BN3H10,10.1021/Ja907249p,298.15,0.0002,-3.6989700043360187,Other,Other,-3.339935266,0.000457156,0.128905943,-3.758588067765515,0.00017434597766993176
765,Li2SiS3,10.1016/0025-5408(89)90053-6,298.15,2e-06,-5.698970004336019,Thio-LISICON,Sulphides,-4.95290634,1.11e-05,0.556610991,-5.504152447619213,3.132186060047714e-06
2014,LiGaSiO4,10.1016/0167-2738(87)90048-8,298.15,1.08e-11,-10.96657624451305,Phenakite,Oxides,-9.934105582,1.16e-10,1.06333986,-10.283895333178071,5.2012133288858514e-11
495,LiFePO4 ,10.1016/j.ssi.2008.06.028,303.15,1.1e-09,-8.958607314841775,Olivine,Oxides,-7.514371711,3.06e-08,2.08581648,-6.621036437856205,2.393114962610579e-07
749,Li6.22P0.78Si0.22S5Br,10.1039/c7ta08581h,298.15,0.00108,-2.96657624451305,Argyrodite,Sulphides and Other Anions,-2.400345175,0.003977909,0.320617624,-4.115130239810571,7.67131401172565e-05
760,Li6SrLa2Ta2O12,10.1002/adfm.200400044,295.15,7e-06,-5.154901959985743,Garnet,Oxides,-4.524388013,2.99e-05,0.397547837,-5.043345448242063,9.05012445926936e-06
239,Li5La3Ta2O12,10.1016/j.ssi.2009.11.015,298.15,1.51e-06,-5.82102305270683,Garnet,Oxides,-5.353600442,4.43e-06,0.218483897,-5.494057158793955,3.2058473655911283e-06
2006,LiAlSi2O6,10.1016/j.ssi.2009.02.028,298.15,3.49e-09,-8.45717457304082,Glass,Oxides,-7.625631623,2.37e-08,0.692312828,-6.9976100531931325,1.0055182255162764e-07
465,Li1.5Y0.5Ti1.5(PO4)3,10.1149/1.2086597,298.15,5.44e-05,-4.2644011003018205,NASICON,Oxides,-3.3536934,0.000442901,0.829388516,-4.200468798621587,6.302766258503056e-05
103,LiP0.9I0.1O2.7,10.1007/s11581-008-0252-x,298.15,0.000398,-3.400116927926312,Glass,Oxides and Other Anions,-3.148464552,0.000710453,0.063328918,-3.4246395925316464,0.00037614942950029963
930,Li2ZrS3,10.1016/j.ssi.2008.01.055,303.15,7.3e-06,-5.136677139879544,Thio-LISICON,Sulphides,-4.762660712,1.73e-05,0.139888289,-5.03424588204528,9.24174790988544e-06
479,Li1.3In0.3Ge1.7(PO4)3,10.1246/bcsj.65.2200,298.15,9.22e-06,-5.035269078946371,NASICON,Oxides,-4.617867176,2.41e-05,0.174224349,-4.914434175736052,1.2177715515836336e-05
2018,Li4Al0.33Si0.17Ge0.17P0.33O4,10.1021/acsami.6b14402,298.15,1.61e-06,-5.79317412396815,LISICON,Oxides,-4.787061272,1.63e-05,1.010625282,-5.57663258046222,2.6507417568782026e-06
40,Li1.4Al0.4Ti1.6(PO4)3,10.1039/C5TA08545D,298.0,0.00563,-2.2494916051486538,NASICON,Oxides,-1.732613595,0.018509147,0.267162877,-3.1033993453643296,0.0007881350730913405
808,Li6.2La3Zr1.2Sb0.8O12 ,10.1039/C3CP50991E,298.15,0.00045,-3.3467874862246565,Garnet,Oxides,-2.511683195,0.003078342,0.697399178,-3.7707580747216336,0.00016952819002489746
2031,LiF,"Journal De Physique 26 339-341, 1965",298.15,1.18e-14,-13.928117992693874,Rocksalt,Halides,-12.48773301,3.25e-13,2.078981625,-12.622350881605914,2.3858828663111873e-13
2010,Li1.9Mg0.1TiO3.05,10.1016/j.ssi.2008.03.001,298.15,1.96e-07,-6.707743928643524,Rocksalt,Sulphides and Other Anions,-5.861046493,1.38e-06,0.718184919,-6.203585621511622,6.257694807953435e-07
2019,Li4.25Si0.75Al0.25O4,10.1021/acsami.6b14402,298.15,2.02e-08,-7.694648630553377,LISICON,Oxides,-6.612741705,2.44e-07,1.172041739,-6.958312391778095,1.1007472476888114e-07
483,Li1.50Al0.50Ge0.2Ti1.3(PO4)3,10.3389/fenrg.2016.00012,298.15,0.000737,-3.1325325121409486,NASICON,Oxides,-2.486517484,0.003261989,0.417335416,-3.386262977555911,0.0004109008337157288
399,Li0.98Zr1.98Nb0.02(PO4)3,10.1016/j.ssi.2003.12.037,298.15,2.5e-07,-6.6020599913279625,NASICON,Oxides,-5.408104891,3.91e-06,1.425528782,-6.1732298484431185,6.710735961779798e-07
614,Li0.34La0.56TiO3,10.1016/S0167-2738(98)00070-8,298.15,0.000688,-3.162411561764489,Perovskite,Oxides,-2.1062215,0.007830302,1.115537447,-3.508923726879851,0.00030979633323350057
449,LiFeSb(PO4)3,10.1063/1.2357843,303.15,1.37e-06,-5.863279432843593,NASICON,Oxides,-4.660949345,2.18e-05,1.445597641,-5.541840267732018,2.871836641105663e-06
486,Li1.45Al0.45Ti1.55(PO4),10.5796/electrochemistry.82.870,298.15,0.00029,-3.537602002101044,NASICON,Oxides,-3.012929418,0.000970668,0.27528132,-3.5203350894601266,0.0003017622508918896
369,Li1.2Y0.2Hf1.8(PO4)3,10.1016/0167-2738(93)90387-I,298.15,3.19e-05,-4.496209316942819,NASICON,Oxides,-3.968565155,0.000107507,0.278408362,-4.394838770267951,4.028665688376411e-05
550,Li3.6Ge0.6V0.4O4,10.1021/acs.chemmater.8b01504,303.15,3.19e-05,-4.496209316942819,LISICON,Oxides,-3.771563406,0.000169214,0.525111696,-4.3606637486574655,4.3584919815987416e-05
612,Li0.5(La0.4Nd0.1)TiO3,10.1016/S0167-2738(97)00015-5,298.15,0.001,-3.0,Perovskite,Oxides,-2.503363201,0.003137883,0.24664811,-4.528474021616535,2.961597115249305e-05
368,Li1.2Lu0.2Hf1.8(PO4)3,10.1016/0167-2738(93)90387-I,298.15,9.79e-05,-4.009217308196862,NASICON,Oxides,-3.608191089,0.000246495,0.160822028,-3.9100399331618094,0.0001230155653410852
727,LiAlH4,10.1063/1.3356981,298.15,2e-09,-8.698970004336019,Other,Other,-7.618711552,2.41e-08,1.166958322,-7.132699809777836,7.367161497134847e-08
730,Li4B7O12Cl,10.1107/S0567740877009443,298.15,1e-07,-7.0,Other,Oxides and Other Anions,-5.907535328,1.24e-06,1.193479061,-6.627853679418836,2.3558428703909103e-07
706,Li2Ge7O15,10.1016/0025-5408(76)90235-X,298.15,5e-16,-15.0,Other,Oxides,-14.20432334,6.25e-15,1.202765489,-13.396095216418582,4.017027303180734e-14
658,Li0.30La0.66Ti0.70Al0.30O3,10.1021/cm011149s,298.15,1.72e-05,-4.764471553092451,Perovskite,Oxides,-3.668047082,0.00021476,1.202146621,-4.658738958887252,2.1941233594346332e-05
361,Li1.3Cr0.3Ge1.7(PO4)3,10.1016/0167-2738(88)90368-2,298.15,3.69e-05,-4.432973633840939,NASICON,Oxides,-3.812705096,0.00015392,0.384733059,-4.272760043804762,5.336296548710723e-05
29,Li1.2Ti1.8Sc0.2(PO4)3,10.1021/acs.inorgchem.6b02274,298.15,0.000231,-3.6363880201078556,NASICON,Oxides,-3.019665525,0.000955728,0.380346636,-3.640372053066743,0.0002288905943860101
346,LiTiZr(PO4)3,10.1016/0167-2738(86)90179-7,298.15,4e-08,-7.3979400086720375,NASICON,Oxides,-6.310660442,4.89e-07,1.182176857,-6.944870396987507,1.1353495783743423e-07
115,Li0.5La0.5TiO3,10.1016/j.jallcom.2009.07.091,303.15,5.8e-06,-5.236572006437063,Perovskite,Oxides,-4.697316913,2.01e-05,0.290796056,-4.98944515828393,1.0246011564373382e-05
407,Li2InTi(PO4)3,10.1016/S0167-2738(96)00565-6,298.15,8.3e-06,-5.080921907623926,NASICON,Oxides,-4.350128332,4.47e-05,0.53405925,-4.9321155078919015,1.169188384428236e-05
45,Li6.5La2.9Ba0.1Zr1.4Ta0.6O12,10.3389/fenrg.2016.00028,300.0,0.00083,-3.0809219076239263,Garnet,Oxides,-2.153279568,0.007026199,0.860520311,-3.3146038764988464,0.00048461418656993454
653,LiSrTiNbO6,10.1021/cm9810382,298.15,1e-06,-6.0,Perovskite,Oxides,-4.820487195,1.51e-05,1.391250458,-5.752729131008596,1.7671396401014557e-06
643,Li0.3Sr0.6Ti0.5Nb0.5O3,10.1149/1.1629102,303.15,5.4e-06,-5.267606240177032,Perovskite,Oxides,-4.209007722,6.18e-05,1.120630822,-4.992551642194095,1.01729839148069e-05
334,Li1.8Sc0.8Ti1.2(PO4)3,10.1016/0167-2738(86)90179-7,298.15,0.00088,-3.0555173278498313,NASICON,Oxides,-2.490686412,0.003230826,0.319033964,-3.603770600169989,0.0002490172311416899
553,Li3.4Ge0.4V0.6O4,10.1021/acs.chemmater.8b01504,303.15,8.89e-07,-6.051098239029787,LISICON,Oxides,-4.940260703,1.15e-05,1.23396003,-5.784079153589149,1.64407205082954e-06
651,LiSr2Ti2TaO9,10.1021/cm9810382,303.15,3.2e-05,-4.494850021680094,Perovskite,Oxides,-3.650988815,0.000223363,0.712101736,-4.326838993050858,4.7115196522789055e-05
46,Li6.5La3Zr1.5Ta0.5O12,10.3389/fenrg.2016.00028,300.0,0.000794,-3.1001794975729036,Garnet,Oxides,-2.624143103,0.002376057,0.226610649,-3.333058317962851,0.0004644529033369633
754,Li6.10P0.90Si0.10S5Br,10.1039/c7ta08581h,298.15,0.000805,-3.0942041196321313,Argyrodite,Sulphides and Other Anions,-2.268483506,0.005389103,0.681814533,-3.4578450782469288,0.00034846159626940413
235,Li0.24La0.59TiO3,10.1016/j.ssi.2009.08.002,302.15,7.6e-05,-4.119186407719209,Perovskite,Oxides,-3.448298565,0.000356206,0.450090498,-4.020180647244879,9.545954340610932e-05
268,Li9SiAlO8,10.1149/1.1836980,303.15,2.3e-07,-6.638272163982407,Glass,Oxides,-6.114560057,7.68e-07,0.274274371,-6.275062890459949,5.308075720832921e-07
809,Li6La3ZrSbO12 ,10.1039/C3CP50991E,303.15,0.00026,-3.5850266520291822,Garnet,Oxides,-3.26623395,0.000541709,0.101628787,-3.615094834541551,0.00024260802671855134
647,LiSrTiTaO6,10.1021/cm9810382,298.15,0.00055,-3.2596373105057563,Perovskite,Oxides,-2.404971579,0.003935758,0.730453514,-3.400779917662515,0.00039739288059640915
743,Li6.35P0.65Si0.35S5Br,10.1039/c7ta08581h,298.15,0.0023,-2.638272163982407,Argyrodite,Sulphides and Other Anions,-1.863100995,0.01370563,0.600890341,-3.684641100704435,0.0002067087683506448
475,Li1.3Fe0.3Ge1.7(PO4)3,10.1246/bcsj.65.2200,298.15,3.67e-05,-4.435333935747911,NASICON,Oxides,-3.304353279,0.000496189,1.279117246,-4.294294140150027,5.0781539147180006e-05
794,Li6.5La3Nb1.25Y0.75O12 ,10.1021/jp304737x,298.15,0.00027,-3.5686362358410126,Garnet,Oxides,-3.300421699,0.000500701,0.071939038,-3.536189516911527,0.0002909447219877282
478,Li1.7Ga0.7Ge1.3(PO4)3,10.1246/bcsj.65.2200,298.15,2.43e-05,-4.614393726401688,NASICON,Oxides,-4.147942838,7.11e-05,0.217576431,-4.464215277584382,3.433876901592199e-05
745,Li6.20P0.80Si0.20S5Br,10.1039/c7ta08581h,298.15,0.00198,-2.703334809738469,Argyrodite,Sulphides and Other Anions,-1.684877248,0.02065964,1.037255806,-3.3209216075550025,0.00047761547799060887
859,Li3.9Zn0.05GeS4,10.1016/S0167-2738(00)00277-0,298.15,2.84e-07,-6.546681659952962,Thio-LISICON,Sulphides,-5.931344729,1.17e-06,0.378639539,-6.157075274467629,6.965057811795759e-07
717,Li7P3S11,10.1021/acs.chemmater.7b04842,298.15,0.000863,-3.0639892042847903,Thio-LISICON,Sulphides,-2.195473708,0.006375677,0.754319166,-3.2722501484761777,0.0005342565453164687
829,Li1.5Al0.5Ge1.5(PO4)3,10.1016/j.jpowsour.2009.11.037,299.73,0.00443,-2.3535962737769305,NASICON,Oxides,-1.494802815,0.032003478,0.737526205,-2.9625221173250074,0.00109012897394827
805,Li6La3ZrTaO12 ,10.1039/C2JM31413D,298.15,0.00016,-3.795880017344075,Garnet,Oxides,-3.129927575,0.000741434,0.443492655,-3.904777392031615,0.00012451526808569094
810,Li6.8La3Zr1.8Sb0.2O12 ,10.1039/C3CP50991E,303.15,5.9e-05,-4.229147988357856,Garnet,Oxides,-3.767395265,0.000170846,0.213215578,-4.1471093180005285,7.126736176212925e-05
861,Li1.6Ti1.7Mg0.3P3O12,10.1016/0167-2738(86)90176-1,298.15,2.8e-06,-5.552841968657781,NASICON,Oxides,-4.797132491,1.6e-05,0.571096815,-5.343180411293895,4.537530828561205e-06
2020,Li3.75Si0.75P0.25O4,10.1021/acsami.6b14402,298.15,5.54e-07,-6.2564902352715706,LISICON,Oxides,-5.579961932,2.63e-06,0.45750508,-5.810388470043276,1.5474318445893752e-06
605,Sm0.52Li0.38TiO2.97,10.1016/0167-2738(94)90310-7,298.15,0.0015,-2.8239087409443187,Perovskite,Oxides,-2.387680058,0.004095623,0.190295464,-3.4260969883044976,0.0003748892711905939
135,"""(Li2S)0.3 ((Ga2S3)0.1 (GeS2)0.9)0.7""",10.1016/j.ssi.2007.10.011,298.15,1.89e-06,-5.723538195826756,Glass,Sulphides and Other Anions,-4.817561907,1.52e-05,0.822043585,-5.533867731070304,2.9250430946852405e-06
385,Li1.1Cr0.1Hf1.9(PO4)3,10.1016/0167-2738(93)90387-I,298.15,9.35e-08,-7.029188389127483,NASICON,Oxides,-5.825518413,1.49e-06,1.44882141,-6.651799795708052,2.2294626666544732e-07
326,LiHfTi(PO4)3,10.1016/0025-5408(89)90129-3,296.15,5.63e-07,-6.249491605148654,NASICON,Oxides,-5.300891097,5e-06,0.899842923,-5.780037258470663,1.6594445362576923e-06
722,Li2NH,10.1039/c2cp23636b,298.15,0.000254,-3.595166283380062,Other,Other,-2.83617266,0.001458234,0.57607132,-3.5625549657608366,0.00027380730726564044
896,Li4.4Ga0.4Sn0.6S4,10.1021/acs.chemmater.8b03175,303.15,3.2e-06,-5.494850021680094,Thio-LISICON,Sulphides,-5.091819192,8.09e-06,0.16243385,-5.207916488629055,6.195602001164564e-06
181,Li1.4S2.2P0.6,10.1016/j.ssi.2006.07.017,298.15,4.64e-05,-4.333482019445119,Glass,Sulphides,-3.792478647,0.000161258,0.292684649,-4.236434233730273,5.801840245487288e-05
701,Li5NI2,10.1002/anie.198000741,298.15,1.5e-07,-6.823908740944319,Other,Halides,-6.158177535,6.95e-07,0.443198038,-6.173078296567521,6.713078156156393e-07
762,Li3.6Si0.6P0.4S4,10.1006/jssc.2002.9701,298.15,7.76e-05,-4.110138278741812,Thio-LISICON,Sulphides,-3.672435503,0.000212601,0.19148576,-4.016337680970462,9.630799000802915e-05
540,Li3.8Ge0.8P0.2O4,10.1021/acs.chemmater.8b01504,303.15,1.03e-06,-5.987162775294828,LISICON,Oxides,-4.927759813,1.18e-05,1.122334637,-5.771979576712248,1.6905204287927885e-06
738,Li2.88PO3.73N0.14,10.1006/jssc.1995.1140,298.15,1.4e-13,-12.853871964321762,LISICON,Oxides,-11.15411066,7.01e-12,2.889188479,-12.01279165940548,9.709756538678774e-13
748,Li6.12P0.90Si0.12S5Br,10.1039/c7ta08581h,298.15,0.0009,-3.0457574905606752,Argyrodite,Sulphides and Other Anions,-2.683629678,0.002071907,0.131136553,-3.3913336364501947,0.00040613120860846503
41,Li6.46Al0.15La3Zr1.95O11.86,10.1016/j.ensm.2019.08.017,298.15,8.3e-05,-4.080921907623926,Garnet,Oxides,-3.029157305,0.000935067,1.106208779,-4.000272310139266,9.993731792669025e-05
36,Li9.54Si1.74P1.44S11.7Cl0.3,10.1038/nenergy.2016.30,298.0,0.025,-1.6020599913279623,Thio-LISICON,Sulphides and Other Anions,-1.276644161,0.052887841,0.105895462,-5.425413901291383,3.754793857330081e-06
832,Li1.5Al0.5Ge1.5(PO4)3,10.1149/1.2988731,301.09,0.00526,-2.279014255846261,NASICON,Oxides,-1.329302343,0.046848712,0.901952718,-5.191942879641438,6.427722520478544e-06
250,LiGe2(PO4)3,10.1016/S0167-2738(97)00434-7,294.38,1e-06,-6.0,NASICON,Oxides,-5.497029351,3.18e-06,0.252979473,-5.8308259236553726,1.4762981527870853e-06
21, Li6.4Al0.19La3Zr2O11.8,10.1016/j.jpowsour.2012.02.100,298.0,0.00031,-3.5086383061657274,Garnet,Oxides,-2.997040306,0.001006838,0.261732514,-3.5243973964030677,0.00029895278499907427
476,Li1.5Sc0.5Ge1.5(PO4)3,10.1246/bcsj.65.2200,298.15,2.51e-05,-4.600326278518962,NASICON,Oxides,-4.071491973,8.48e-05,0.279665723,-4.453551312396285,3.519238398588155e-05
608,(La0.5Li0.5)0.75(La0.5Na0.5)0.25TiO3,10.1016/0167-2738(94)90309-3,300.15,0.000158,-3.8013429130455774,Perovskite,Oxides,-2.780036034,0.001659449,1.040825973,-3.7594935161944796,0.00017398286726408096
905,Li0.9Mg0.9In0.1PO4,10.1021/cm504518q,298.15,5.01e-10,-9.300162274132754,Olivine,Oxides,-8.44176993,3.62e-09,0.736837416,-6.046258464482109,8.989624169841353e-07
784,Li4PS4I,10.1021/acs.chemmater.7b00013,298.15,6.26e-05,-4.20342566678957,Argyrodite,Sulphides and Other Anions,-3.096770733,0.000800257,1.224685142,-4.1101800249011236,7.759254112956646e-05
129,"""(Li2O)50 (Al2O3)4 (P2O5)46""",10.1016/j.jeurceramsoc.2008.12.016,298.15,9.12e-09,-8.040005161671584,Glass,Oxides,-6.699213332,2e-07,1.797722733,-5.856086801849348,1.3928783824084213e-06
504,Li3OBr,10.1016/j.ssi.2015.11.027,298.15,1.06e-06,-5.97469413473523,Anti-Perovskite,Oxides and Other Anions,-5.095805397,8.02e-06,0.772445413,-5.725891921554984,1.8797845614402026e-06
302,"""(Li2S)50 (P2S5)17 (LiBH4)33""",10.1016/j.jpowsour.2012.12.001,298.15,0.00143,-2.844663962534938,Glass,Sulphides and Other Anions,-2.011867206,0.009730447,0.693550438,-4.1333195635918,7.356655791038938e-05
862,"""(Li2S)7(LaOI)3""",10.1016/j.ssi.2008.01.072,303.15,2.88e-06,-5.540607512240769,Glass-Ceramic,Sulphides and Other Anions,-4.429519165,3.72e-05,1.234517315,-5.346663134579231,4.501288670586586e-06
816,Li6CaLa2Nb2O12,10.1111/j.1551-2916.2005.00060.x,295.15,1.6e-06,-5.795880017344075,Garnet,Oxides,-4.95904411,1.1e-05,0.700294335,-5.525104341839932,2.9846654490909645e-06
5,Li2OHCl,10.1002/aenm.201700971,299.15,7.11e-08,-7.148130399270234,Anti-Perovskite,Oxides and Other Anions,-6.53083295,2.95e-07,0.381056141,-6.79438801458205,1.6055061940580003e-07
372,Li1.3Sc0.3Hf1.7(PO4)3,10.1016/0167-2738(93)90387-I,298.15,8.32e-05,-4.079876673709276,NASICON,Oxides,-3.537796053,0.00028987,0.293851399,-4.012479007759401,9.716749177292001e-05
669,Li3O(Cl0.5Br0.5),10.1021/ja305709z,302.76,0.000938,-3.0277971616209354,Anti-Perovskite,Oxides and Other Anions,-2.198369731,0.006333303,0.687949863,-3.631947152085744,0.00023337420306484367
764,Li4SiS4,10.1016/0025-5408(89)90053-6,298.15,4.93e-08,-7.30715308072277,Thio-LISICON,Sulphides,-6.467140886,3.41e-07,0.705620487,-6.7197010184068064,1.906772946989003e-07
2025,Li6FeCl8,10.1002/zaac.19875531020,298.15,8.97e-08,-7.047207556955908,Rocksalt,Halides,-6.374392331,4.22e-07,0.452458561,-6.493131477508263,3.2126877882439803e-07
752,Li6.08P0.92Si0.08S5Br,10.1039/c7ta08581h,298.15,0.000864,-3.063486257521107,Argyrodite,Sulphides and Other Anions,-2.698159988,0.002003734,0.133463284,-3.359648041590955,0.00043686973424727013
426,Li1.1Al0.1Ti1.9(PO4)3,10.1016/S0955-2219(99)00055-2,298.15,3e-05,-4.522878745280337,NASICON,Oxides,-3.672147093,0.000212742,0.723744344,-4.421527369056681,3.788546577339764e-05
359,Li1.6Cr0.6Ti1.4(PO4)3,10.1149/1.2086597,298.15,0.000147,-3.832682665251824,NASICON,Oxides,-3.218183834,0.000605085,0.377608814,-3.820737951112405,0.00015109915961700781
436,Li1.6Al0.6Ge1.0Ti0.4(PO4)3,10.1021/cm021717j,298.15,5e-05,-4.301029995663981,NASICON,Oxides,-3.857534598,0.000138824,0.196688168,-4.202268851129336,6.276696779710387e-05
806,Li6.6La3Zr1.6Sb0.4O12,10.1039/C3CP50991E,303.15,0.00077,-3.113509274827518,Garnet,Oxides,-2.087846133,0.008168717,1.05198488,-3.260417516152081,0.0005490128175572566
544,Li3V0.6P0.4O4,10.1021/acs.chemmater.8b01504,303.15,3.55e-13,-12.449771646944907,LISICON,Oxides,-10.84104246,1.44e-11,2.588009602,-11.457833300371513,3.484710465228396e-12
469,Li1.4La0.4Ti1.6(PO4)3,10.1149/1.2096693,298.15,0.000497,-3.303643611266668,NASICON,Oxides,-2.704392896,0.001975182,0.35910142,-3.4876897346873537,0.00032531962672357003
753,Li6.02P0.98Si0.02S5 Br,10.1039/c7ta08581h,298.15,0.000874,-3.058488567365597,Argyrodite,Sulphides and Other Anions,-2.081280482,0.00829315,0.954935641,-3.565879932700467,0.0002717190373516727
2003,Li3.09BO2.53N0.52,10.1016/j.jpowsour.2008.09.089,298.15,8.65e-07,-6.062983892535186,Glass,Oxides,-5.09182857,8.09e-06,0.943387752,-5.769915233439941,1.6985751517741486e-06
343,LiTi0.5Zr1.5(PO4)3,10.1016/0167-2738(86)90179-7,298.15,6.2e-08,-7.2076083105017466,NASICON,Oxides,-6.395938718,4.02e-07,0.658807529,-6.631741237226162,2.3348488052546863e-07
561,Li6PS5Br,10.1021/acsaem.8b00280,298.15,0.00019,-3.721246399047171,Argyrodite,Sulphides and Other Anions,-3.148196707,0.000710891,0.328385949,-3.723136487678082,0.00018917489967559183
890,Li6La2Ca(Nb)2O12,10.1016/j.ssi.2008.01.047,298.15,2.11e-06,-5.675717544702307,Garnet,Oxides,-4.634610382,2.32e-05,1.083904124,-5.486050402342402,3.2654993199796106e-06
375,Li1.4Sc0.4Hf1.6(PO4)3,10.1016/0167-2738(93)90387-I,298.15,6.17e-05,-4.209714835966758,NASICON,Oxides,-3.778795515,0.00016642,0.185691461,-4.122547453103929,7.541409902738321e-05
2013,(YPO4)0.5(Li3PO4)0.5,10.1016/0167-2738(89)90457-8,298.15,6.68e-11,-10.175223537524454,Zircon,Oxides,-9.090005483,8.13e-10,1.177865273,-7.961655981540443,1.092305243536588e-08
708,LiI,10.1016/0167-2738(81)90020-5,298.15,2.8e-08,-7.552841968657781,Rocksalt,Halides,-7.00245454,9.94e-08,0.302926322,-5.936120057963772,1.1584570637546257e-06
641,Li0.3Sr0.6Ti0.45Fe0.05Ta0.5O3,10.1149/1.1629102,303.15,6e-05,-4.221848749616356,Perovskite,Oxides,-3.10846639,0.000778993,1.23962028,-4.1574916889200315,6.958382708084975e-05
220,Li6BaLa2Ta2O12 ,10.1016/j.ssi.2008.10.022,298.15,1.28e-05,-4.892790030352131,Garnet,Oxides,-4.060178777,8.71e-05,0.693241498,-4.777110119185998,1.6706669483007063e-05
441,LiGe2(PO4)3,10.1021/jp9085602,298.15,7.2e-07,-6.142667503568732,NASICON,Oxides,-4.966239435,1.08e-05,1.383983001,-5.935111061415381,1.1611516364661107e-06
2004,Li5Nd3Sb2O12,10.1016/j.ssi.2008.01.002,298.15,5.58e-07,-6.253365801062421,Garnet,Oxides,-4.988761428,1.03e-05,1.59893965,-5.598610126807709,2.519938101919584e-06
390,Li1.15Y0.15Zr1.85(PO4)3,10.1016/j.jpowsour.2013.03.175,298.15,7.1e-05,-4.1487416512809245,NASICON,Oxides,-3.537172422,0.000290287,0.374016922,-4.0501374401855506,8.909689306047372e-05
472,Li1.3Sc0.3Ge1.7(PO4)3,10.1246/bcsj.65.2200,298.15,2.98e-05,-4.525783735923745,NASICON,Oxides,-3.981111166,0.000104445,0.296668208,-4.37910190646785,4.1773233495758964e-05
467,Li1.2La0.2Ti1.8(PO4)3,10.1149/1.2096693,298.15,0.000528,-3.277366077466188,NASICON,Oxides,-2.275807986,0.005298977,1.003118609,-3.4427980643872504,0.0003607463416756913
371,Li1.2Sc0.2Hf1.8(PO4)3,10.1016/0167-2738(93)90387-I,298.15,5.86e-05,-4.23210238398191,NASICON,Oxides,-3.564920756,0.00027232,0.445131324,-4.144423036032708,7.170954451671919e-05
22,La0.57Li0.29TiO3,10.1016/j.jpowsour.2012.11.098,300.0,0.0016,-2.795880017344075,Perovskite,Oxides,-2.18480224,0.00653428,0.37341605,-4.652712282230912,2.2247833095627436e-05
397,Li1.02Zr1.98Y0.02(PO4)3,10.1016/j.ssi.2003.12.037,298.15,1.15e-07,-6.939302159646388,NASICON,Oxides,-6.330193929,4.68e-07,0.371012838,-6.498590863947113,3.1725548262228244e-07
2008,Li3Fe2P3O12,10.1016/0167-2738(90)90442-T,298.15,1.11e-08,-7.954677021213342,Glass-Ceramic,Sulphides and Other Anions,-7.338689081,4.58e-08,0.378437883,-7.028901849203806,9.356171002442142e-08
172,Li1.4Al0.4Ti1.6(PO4)3,10.1016/j.ssi.2006.04.010,294.15,0.000917,-3.037630664329979,NASICON,Oxides,-2.161253026,0.006898378,0.768037765,-3.4204845683511778,0.000379765432816918
44,Li3.25Ge0.25P0.75S4,10.1016/j.ssi.2015.02.014,298.15,0.00203,-2.692503962086787,Thio-LISICON,Sulphides,-1.885192327,0.013025898,0.651752076,-5.353709324545221,4.428846981145898e-06
313,LiTi2(PO4)3,10.1007/s11164-013-1348-0,298.15,7.2e-05,-4.142667503568732,NASICON,Oxides,-3.245028496,0.000568816,0.805755789,-4.0895227861278,8.137241659944116e-05
725,Li3N,10.1039/C0EE00052C,298.15,0.000575,-3.2403321553103694,Other,Other,-2.44874078,0.003558436,0.626616905,-3.734642838990002,0.0001842286463270593
2012,(YPO4)0.7(Li3PO4)0.3,10.1016/0167-2738(89)90457-8,298.15,6.57e-09,-8.18243463044022,Zircon,Oxides,-7.330444246,4.67e-08,0.726027392,-6.862637129439107,1.372027671846159e-07
639,Li0.3Sr0.6Ti0.35Fe0.15Ta0.5O3,10.1149/1.1629102,298.15,2.8e-05,-4.552841968657781,Perovskite,Oxides,-3.755687227,0.000175514,0.635455682,-4.433347127562169,3.686827960208196e-05
907,Li0.83Mg0.83In0.17PO4,10.1021/cm504518q,298.15,1.41e-09,-8.85078088734462,Olivine,Oxides,-7.606507049,2.47e-08,1.548217384,-8.143321572166732,7.189164611413408e-09
915,Li6SiO4Cl2,10.1021/acs.chemmater.1c00157,298.15,1e-10,-10.0,Argyrodite,Oxides and Other Anions,-8.590966138,2.56e-09,1.985376424,-8.93528058289031,1.1606984837456099e-09
228,Li7La3Ta2O13,10.1016/j.ssi.2009.07.002,303.15,2.65e-06,-5.576754126063192,Garnet,Oxides,-4.913828796,1.22e-05,0.439469994,-5.366913498899467,4.2962198869500686e-06
402,Li1.3Al0.1Y0.2Ti1.7(PO4)3,10.1016/j.ssi.2012.05.011,298.15,7.3e-05,-4.136677139879544,NASICON,Oxides,-3.280916391,0.000523701,0.732326459,-4.073968052455112,8.433967973874956e-05
431,Li1.05Al0.05Ti1.95(PO4),10.1021/cm010528i,298.15,1.4e-06,-5.853871964321762,NASICON,Oxides,-4.90187338,1.25e-05,0.906301304,-5.552651283747911,2.8012296609793683e-06
499,Li6PS5Cl,10.1016/j.ssi.2012.06.008,298.51,0.000537,-3.2700257143004445,Argyrodite,Sulphides and Other Anions,-2.447251114,0.003570663,0.676958043,-3.4472148265588203,0.0003570961545470306
480,Li1.5In0.5Ge1.5(PO4)3,10.1246/bcsj.65.2200,298.15,5.75e-06,-5.2403321553103694,NASICON,Oxides,-4.632777213,2.33e-05,0.369123007,-5.053911793248919,8.832592752966156e-06
17,Li7La3Zr2O12,10.1002/anie.200701144,298.0,0.000511,-3.291579099865287,Garnet,Oxides,-2.825545108,0.001494359,0.217187682,-3.6620458727075937,0.00021774797621363932
913,Li3AlS3,10.1021/acs.chemmater.9b03230,298.15,1.31e-08,-7.882728704344236,Other,Sulphides,-7.306329969,4.94e-08,0.332235502,-7.123274353344364,7.528798027999681e-08
437,Li1.2Al0.2Ge0.8Ti(PO4)3,10.1021/cm021717j,298.15,3e-05,-4.522878745280337,NASICON,Oxides,-3.395950367,0.000401837,1.269967569,-4.380686134655221,4.1621129842508775e-05
783,Li4P2S6,10.1021/acs.chemmater.6b04175,298.15,1.6e-10,-9.795880017344075,Thio-LISICON,Sulphides,-9.032596148,9.28e-10,0.582602265,-8.269430431894799,5.377365643520184e-09
160,Li1.4S2.2P0.6,10.1016/j.jpowsour.2008.09.044,298.15,4.33e-05,-4.363512103646634,Glass,Sulphides,-3.815725499,0.000152853,0.300070165,-4.31462325220042,4.8459256637719964e-05
610,Li0.34Pr0.56TiO3,10.1016/0167-2738(94)90310-7,298.15,1e-06,-6.0,Perovskite,Oxides,-4.763761449,1.72e-05,1.528285756,-5.773437606430711,1.684854466535632e-06
792,Li3PS4,10.1021/ja3110895,298.15,0.00016,-3.795880017344075,Thio-LISICON,Sulphides,-2.710547872,0.001947386,1.177945865,-3.795716572322035,0.00016006022670373457
603,Li0.34La0.51TiO2.94,10.1016/0038-1098(93)90841-A,300.15,0.00102,-2.9913998282380825,Perovskite,Oxides,-2.596611838,0.00253156,0.155857557,-3.6144938422074633,0.00024294398884188443
773,Li5.5La3Nb1.75In0.25O12 ,10.1016/j.jssc.2005.12.025,298.15,2.4e-05,-4.619788758288394,Garnet,Oxides,-3.478644208,0.000332166,1.302210884,-4.5094503107092745,3.0942093155080115e-05
3,Li2.4OH0.6Cl,10.1002/aenm.201700971,299.15,8.9e-08,-7.050609993355087,Anti-Perovskite,Oxides and Other Anions,-6.351915332,4.45e-07,0.488174229,-6.618636575530143,2.406375650782071e-07
812,Li5La3Ta2O12 ,10.1111/j.1151-2916.2003.tb03318.x,298.15,3.4e-06,-5.468521082957745,Garnet,Oxides,-4.447916378,3.57e-05,1.041633964,-5.181430885281685,6.585202201722445e-06
27,Li1.3Al0.3Ti1.7(PO4)3,10.1016/j.ssi.2016.07.010,298.0,0.00121,-2.91721462968355,NASICON,Oxides,-1.892108019,0.012820117,1.050843563,-3.7074075853410617,0.0001961518527728671
2024,Li3Fe(MoO4)3,10.1039/B301189e,298.15,5.89e-10,-9.229884705212898,Lysonite,Oxides,-7.753468625,1.76e-08,2.17962762,-7.8792893657289085,1.320415562380999e-08
360,Li1.3Cr0.3Ti1.7 (PO4)3,10.1149/1.2086597,298.15,3.53e-05,-4.452225294612178,NASICON,Oxides,-3.980716542,0.00010454,0.222320504,-4.296900371915208,5.047770812266234e-05
134,"""(LiI)0.3 ((Li2S)0.3 ((Ga2S3)0.1 (GeS2)0.9)0.7)0.7""",10.1016/j.ssi.2007.10.011,298.15,0.000291,-3.5361070110140926,Glass,Sulphides and Other Anions,-3.107283565,0.000781118,0.183889548,-3.578082971310094,0.00026419039773080687
817,Li3.25Ge0.25P0.75S4,10.1149/1.1379028,298.15,0.0022,-2.657577319177794,Thio-LISICON,Sulphides,-1.666137621,0.021570608,0.982952674,-3.3025940419222097,0.0004982025637413859
380,Li1.4Lu0.4Hf1.6(PO4)3,10.1016/0167-2738(93)90387-I,298.15,2.06e-05,-4.686132779630847,NASICON,Oxides,-3.650545279,0.000223591,1.072441472,-4.532290259874147,2.935686935479661e-05
459,Li1.2In0.2Ti1.8(PO4)3,10.1149/1.2086597,298.15,0.000401,-3.396855627379818,NASICON,Oxides,-2.324053946,0.004741831,1.150903447,-3.449157637749598,0.0003555022569530205
747,Li6.25P0.75Si0.25S5Br,10.1039/c7ta08581h,298.15,0.0015,-2.8239087409443187,Argyrodite,Sulphides and Other Anions,-2.087746676,0.008170588,0.541934585,-3.8205527411635205,0.00015116361135867896
638,Li0.3Sr0.6Ti0.20Fe0.30Ta0.5O3,10.1149/1.1629102,298.15,1e-07,-7.0,Perovskite,Oxides,-5.708142967,1.96e-06,1.668894593,-6.647678506428183,2.2507201215672755e-07
384,Li1.5Cr0.5Hf1.5(PO4)3,10.1016/0167-2738(93)90387-I,298.15,1.18e-07,-6.928117992693875,NASICON,Oxides,-6.059983388,8.71e-07,0.753657692,-6.428994027887018,3.723968271592245e-07
147,"""(Li2S)0.7 (P2S5)0.3""",10.1016/j.jpowsour.2006.04.037,298.15,0.0032,-2.494850021680094,Glass,Sulphides,-1.721341167,0.018995854,0.598315949,-4.073587520394432,8.441361117940444e-05
388,LiHf2(PO4)3,10.1016/B978-0-08-021592-1.50024-6,298.15,3.8e-06,-5.42021640338319,NASICON,Oxides,-4.463223889,3.44e-05,0.915834671,-5.235500749380922,5.814324290381693e-06
2015,Li0.68Ga0.68Si2.33O6,10.1016/0167-2738(87)90048-8,298.15,3.15e-11,-10.5016894462104,Phenakite,Oxides,-9.230488434,5.88e-10,1.617459535,-8.381481017463319,4.154502097191746e-09
584,Li5PS4(BH4)2,10.1021/acsomega.8b00377,298.15,0.00796,-2.099086932262331,Argyrodite,Sulphides and Other Anions,-1.686707821,0.020572742,0.170056531,-3.758834967680577,0.00017424688874481618
430,Li1.5Al0.5Ti1.5(PO4)3,10.1021/cm010528i,298.15,1.1e-05,-4.958607314841775,NASICON,Oxides,-4.278744708,5.26e-05,0.462213165,-4.852143723793926,1.4055822889991342e-05
386,Li1.3Eu0.3Ti1.7(PO4)3,10.1016/0167-2738(94)90299-2,298.15,6e-05,-4.221848749616356,NASICON,Oxides,-3.193048913,0.000641137,1.058429104,-4.165467818910971,6.831753391886252e-05
312,Li1.15Fe0.15Ti1.85(PO4)3,10.1007/s11164-013-1348-0,298.15,0.000522,-3.282329496997738,NASICON,Oxides,-2.604525982,0.002485845,0.459417604,-3.429486692446757,0.0003719746189494347
931,Li0.022 La0.115 Ti0.165 Al0.055 O0.618,10.1007/BF02378009,303.15,0.000525,-3.279840696594043,Perovskite,Oxides,-2.931013148,0.00117216,0.121796132,-3.4652691477396487,0.0003425554269659951
818,Li6.75La3Zr1.75Ta0.25O12 ,10.1149/2.024205esl,298.15,0.00063,-3.2006594505464183,Garnet,Oxides,-2.415786148,0.003838962,0.616026102,-3.390497371065968,0.00040691399699227055
770,Li7La3Zr1.89Al0.15O12 ,10.1016/j.jpowsour.2013.03.049,298.15,0.00034,-3.4685210829577446,Garnet,Oxides,-3.157382184,0.000696014,0.096807414,-3.4313511936559324,0.0003703810907673504
697,Li1.5Hf1.5Al0.5P3O12,10.1016/j.ssi.2005.07.010,298.15,0.00011,-3.958607314841775,NASICON,Oxides,-2.917490968,0.00120923,1.083923249,-3.861880470217058,0.00013744202011919414
348,LiTi0.1Zr1.9(PO4)3,10.1016/0167-2738(86)90179-7,298.15,3.2e-08,-7.494850021680094,NASICON,Oxides,-6.184721794,6.54e-07,1.716435974,-6.7968201230269205,1.5965402686152475e-07
604,(La0.5Li0.5)TiO3,10.1016/0167-2738(94)90309-3,298.15,0.001,-3.0,Perovskite,Oxides,-2.761212942,0.001732954,0.057019259,-5.274270313822736,5.317771671861014e-06
648,LiSr1.65Ti1.3Ta1.7O9,10.1021/cm9810382,298.15,4.9e-05,-4.309803919971486,Perovskite,Oxides,-3.526276274,0.000297662,0.613915573,-4.216692941642116,6.071654608466809e-05
649,LiSr1.65Ti1.3Nb1.7O9,10.1021/cm9810382,298.15,2e-05,-4.698970004336019,Perovskite,Oxides,-4.170722604,6.75e-05,0.279045315,-4.578381534748251,2.6400883777535595e-05
339,Li1.3In0.3Hf1.7(PO4)3,10.1016/0167-2738(86)90179-7,298.15,1e-05,-5.0,NASICON,Oxides,-4.123187852,7.53e-05,0.768799542,-4.832154188478827,1.4717898770235236e-05
699,Li11AlP2S12,10.1039/C6CC02131J,298.15,0.000802,-3.0958256317158366,Thio-LISICON,Sulphides,-2.535556587,0.00291369,0.313901402,-3.320935221188418,0.0004776005066281023
917,LiTa2PO8,10.1039/C8TA09170F,298.15,0.0016,-2.795880017344075,Other,Oxides,-1.935326645,0.011605754,0.740552107,-3.832958762170792,0.00014690657641201985
373,Li1.1Lu0.1Hf1.9(PO4)3,10.1016/0167-2738(93)90387-I,298.15,5.88e-05,-4.230622673923862,NASICON,Oxides,-3.708998036,0.000195435,0.272092263,-4.131922248750604,7.380363481140942e-05
698,"""(Li2S)70 (P2S5)30""",10.1039/C3EE41655K,298.15,0.017,-1.7695510786217261,Glass-Ceramic,Sulphides,-1.45799629,0.034834029,0.097066387,-3.103315254018449,0.0007882876924742046
26,Li1.3Al0.3Ti1.7(PO4)3,10.1016/j.ssi.2014.07.018,298.0,0.0062,-2.207608310501746,NASICON,Oxides,-1.833110856,0.014685514,0.140248344,-3.131694584918309,0.0007384233395185736
869,Li1.4Ti1.6In0.4P3O12,10.1016/0167-2738(86)90176-1,298.15,0.00019,-3.721246399047171,NASICON,Oxides,-3.05395825,0.000883165,0.445273473,-3.7777391647761682,0.00016682488541482372
149,"""(Li2S)0.8 (P2S5)0.2""",10.1016/j.jpowsour.2006.04.037,298.15,0.00112,-2.9507819773298185,Glass,Sulphides,-1.915645253,0.012143804,1.071508037,-3.9902973108965156,0.00010225927023719064
891,Li6MgLa2Ta2O12,10.1149/1.2800764,294.25,1.92e-07,-6.716698771296451,Garnet,Oxides,-6.037502256,9.17e-07,0.461307906,-6.244441122574119,5.695854377529487e-07
4,Li2.1OH0.9Cl,10.1002/aenm.201700971,299.15,8.05e-08,-7.094204119632131,Anti-Perovskite,Oxides and Other Anions,-5.940998748,1.15e-06,1.329882631,-6.488255458175468,3.248961326536066e-07
86,"""(Li2S)0.4 ((P2S5)0.4 (Sb2S3)0.6)0.6""",10.1007/s11581-006-0054-y,298.15,1.6e-07,-6.795880017344075,Glass,Sulphides,-5.960195415,1.1e-06,0.698368754,-6.195291583896182,6.378351019952812e-07
632, La0.29Li0.12NbO3,10.1016/S0167-2738(98)00266-5,298.15,4.25e-05,-4.371611069949688,Other,Oxides,-3.524523317,0.000298866,0.717557661,-4.2746252488884995,5.3134274016831554e-05
189,"""(Li2S)0.4 ((Ga2S3)0.1 (GeS2)0.9)0.6""",10.1016/j.ssi.2007.10.011,294.15,2.87e-06,-5.542118103266008,Glass,Sulphides,-5.076436975,8.39e-06,0.216858913,-5.2639810461586025,5.445264169991442e-06
448,LiAlSb(PO4)3,10.1063/1.2357843,303.15,3.17e-08,-7.498940737782249,NASICON,Oxides,-6.540183144,2.88e-07,0.919216125,-6.300792408253248,5.002736074488563e-07
555,Li4GeO4,10.1021/acs.chemmater.8b01504,303.15,1.3e-12,-11.886056647693163,LISICON,Oxides,-10.66761287,2.15e-11,1.484605249,-10.544533444848724,2.8540827135263322e-11
836,Li5.4La3Nb1.8Y0.75O12,10.1021/jp304737x,298.15,2.51e-05,-4.600326278518962,Garnet,Oxides,-4.264580875,5.44e-05,0.112492818,-4.431575288104382,3.701900247063104e-05
659,Li0.15La0.66Ti0.85Al0.15O3,10.1021/cm011149s,298.15,9.66e-06,-5.015022873584507,Perovskite,Oxides,-4.042753151,9.06e-05,0.945308414,-4.85277913115805,1.4035273139944453e-05
20,Li7.06La3Zr1.94Y0.06O12,10.1016/j.elecom.2011.08.014,298.15,0.000956,-3.0195421077239,Garnet,Oxides,-2.33724641,0.004599955,0.46552742,-3.8329987638649183,0.0001468930458663806
644,Li0.25La0.41Sr0.25TiO3,10.1021/cm020609u,298.15,7.64e-05,-4.11690664142431,Perovskite,Oxides,-3.496959121,0.00031845,0.384334928,-4.069241136969584,8.526265715591071e-05
815,Li6SrLa2Nb2O12 ,10.1111/j.1551-2916.2005.00060.x,295.15,4.2e-06,-5.376750709602099,Garnet,Oxides,-4.708851924,1.96e-05,0.446088788,-5.057150107389952,8.766977513098903e-06
496,Li1.3Al0.3Ti1.7(PO4)3,10.1016/S0955-2219(99)00055-2,298.15,0.003,-2.5228787452803374,NASICON,Oxides,-1.845561963,0.014270462,0.458758024,-3.6701063226582313,0.00021374387441705367
776,Li7La3Hf2O12,10.1016/j.jssc.2009.10.030,300.15,9.73e-07,-6.011887159731648,Garnet,Oxides,-4.8136496,1.54e-05,1.435773251,-5.7025375544699894,1.9836381195449114e-06
620,Li0.5Sr0.5Fe0.25Ta0.75O3,10.1016/S0378-7753(97)02645-1,298.15,0.000126,-3.899629454882437,Perovskite,Oxides,-3.00287335,0.000993406,0.804851954,-4.032179251399614,9.28583042822948e-05
485,Li1.55Al0.55Ge0.2Ti1.25(PO4)3,10.3389/fenrg.2016.00012,298.15,7.02e-05,-4.153662887870195,NASICON,Oxides,-3.644855354,0.00022654,0.258885107,-4.061431680443844,8.680971282924526e-05
383,Li1.2Cr0.2Hf1.8(PO4)3,10.1016/0167-2738(93)90387-I,298.15,2.54e-07,-6.5951662833800615,NASICON,Oxides,-5.792465728,1.61e-06,0.64432818,-5.965613707829221,1.0823962829163358e-06
376,Li1.3Fe0.3Hf1.7(PO4)3,10.1016/0167-2738(93)90387-I,298.15,5.4e-05,-4.267606240177032,NASICON,Oxides,-3.778212927,0.000166643,0.239505815,-4.213788927241977,6.112390228300461e-05
556,Li3P0.8V0.2O4,10.1021/acs.chemmater.8b01504,303.15,2.05e-13,-12.688246138944246,LISICON,Oxides,-11.62913801,2.35e-12,1.12171004,-9.556736516932013,2.7750031667834345e-10
582,Li6PS5I,10.1007/s10008-011-1572-8,298.15,0.00063,-3.2006594505464183,Argyrodite,Sulphides and Other Anions,-2.431411479,0.003703297,0.591742443,-3.616225315457715,0.0002419773323232102
252,Li4Nd3TeSbO12,10.1021/cm703677q,298.15,8.7e-09,-8.060480747381382,Garnet,Oxides,-6.765298639,1.72e-07,1.677496694,-7.2724205862585105,5.340469188089556e-08
464,Li1.4Cr0.4Ti1.6(PO4)3,10.1149/1.2086597,298.15,0.00015,-3.8239087409443187,NASICON,Oxides,-2.966809472,0.00107942,0.734619158,-3.891105695435088,0.00012849738942770602
732,Li9.81Sn0.81P2.19S12,10.1107/S2052520615022283,298.15,0.0055,-2.2596373105057563,Thio-LISICON,Sulphides,-1.679284021,0.020927434,0.336809942,-3.15123044050678,0.0007059428753123628
895,Li4.4Ga0.4Ge0.6S4,10.1021/acs.chemmater.8b03175,303.15,1.63e-05,-4.787812395596042,Thio-LISICON,Sulphides,-4.360402892,4.36e-05,0.182678884,-4.627593426918939,2.357255040621022e-05
2021,LiCaTiNbO6,10.1021/cm9810382,298.15,6.07e-07,-6.2168113089247425,Perovskite,Oxides,-5.403283936,3.95e-06,0.662018738,-5.824928882385509,1.4964806912674144e-06
2,Li2OHBr,10.1002/aenm.201700971,295.21,5.4e-07,-6.267606240177032,Anti-Perovskite,Oxides and Other Anions,-5.158716363,6.94e-06,1.22963676,-5.683470937745998,2.072664754170338e-06
381,Li1.1In0.1Hf1.9(PO4)3,10.1016/0167-2738(93)90387-I,298.15,1e-06,-6.0,NASICON,Oxides,-5.269298574,5.38e-06,0.533924574,-5.818257537528403,1.519646109192612e-06
458,Li1.4Sc0.4Ti1.6(PO4)3,10.1149/1.2086597,298.15,0.000515,-3.288192770958809,NASICON,Oxides,-2.475288736,0.003347428,0.66081297,-3.5235879836942776,0.00029951047528595036
350,Li1.2Al1.1Ta0.9(PO4)3,10.1039/A807007E,303.15,6.5e-07,-6.187086643357144,NASICON,Oxides,-5.276486699,5.29e-06,0.829192258,-5.89004760703327,1.2881083424895041e-06
857,"""(Li2S)2(LaOI)5""",10.1016/j.ssi.2008.01.072,303.15,6.92e-08,-7.1598939055432425,Glass,Sulphides and Other Anions,-6.366389652,4.3e-07,0.629649001,-6.490636498533976,3.2311974800651705e-07
246,Li4.2Ge0.8Ga0.2S4,10.1016/S0167-2738(00)00277-0,298.15,6.5e-05,-4.187086643357144,Thio-LISICON,Sulphides,-3.852374963,0.000140483,0.112031909,-4.0923726937781355,8.084018639780742e-05
541,Li3PO4,10.1021/acs.chemmater.8b01504,303.15,1.75e-13,-12.756961951313706,LISICON,Oxides,-11.29317489,5.09e-12,2.142672556,-12.087479765009384,8.175611295084264e-13
790,Li6.4La3Zr2Ga0.2O12 ,10.1021/cm5008069,297.15,0.0009,-3.0457574905606752,Garnet,Oxides,-2.016244648,0.009632862,1.059896693,-3.3427358601802943,0.000454217789920319
906,Li0.85Mg0.85In0.15PO4,10.1021/cm504518q,298.15,1.26e-09,-8.899629454882437,Olivine,Oxides,-7.557521623,2.77e-08,1.801253433,-8.189623947238237,6.462135389405705e-09
301,Li6.75La3Zr1.75Ta0.25O12,10.1016/j.jpowsour.2012.01.131,298.15,0.000896,-3.0476919903378747,Garnet,Oxides,-2.805577902,0.001564668,0.058619232,-3.4863953352316397,0.0003262906768209353
351,LiAlTa(PO4)3,10.1039/A807007E,303.15,6.5e-07,-6.187086643357144,NASICON,Oxides,-5.382970341,4.14e-06,0.646603027,-5.9811987325010545,1.0442422661850279e-06
791,Li2SnS3,10.1021/cm5037524,298.15,1.36e-05,-4.866461091629782,Rocksalt,Sulphides,-4.253802697,5.57e-05,0.375350309,-4.749460830641578,1.7804884852590645e-05
2023,Li2Mg2(MoO4)3,10.1039/B301189e,298.15,5.35e-12,-11.271646217978772,Lysonite,Oxides,-9.975743082,1.06e-10,1.678348279,-10.221486509281297,6.005006622868296e-11
60,La0.55Li0.36Ti0.992Al0.008O3,10.1007/BF02375549,298.15,0.000654,-3.184422251675733,Perovskite,Oxides,-2.139535642,0.00725211,1.091788027,-3.3526971065140945,0.0004439181413832117
735,Li14ZnGe4O16,10.1149/1.2119778,298.15,1e-06,-6.0,LISICON,Oxides,-4.76891275,1.7e-05,1.515575818,-5.776907822494626,1.6714453351707794e-06
421,Li1.7Al0.7Ge1.3(PO4)3,10.1016/S0955-2219(99)00055-2,298.15,0.00015,-3.8239087409443187,NASICON,Oxides,-3.357629015,0.000438905,0.217416783,-3.8724990283181726,0.0001341222936227509
655,Li0.067La0.64TiO2.99,10.1016/0167-2738(94)90309-3,300.15,7.9e-05,-4.102372908709558,Perovskite,Oxides,-3.377076856,0.000419685,0.526054365,-4.0034085055436925,9.921823440185136e-05
587,LiBH4,10.1021/acsomega.8b00377,300.15,9.89e-08,-7.004803708402821,Other,Other,-6.344919948,4.52e-07,0.435446577,-6.665212996347709,2.1616580953242972e-07
452,Li1.3Sc0.3Ti1.7(PO4)3,10.1149/1.2086597,298.15,0.000794,-3.1001794975729036,NASICON,Oxides,-2.226719625,0.005933082,0.762932151,-3.275575406267877,0.0005301815295635449
35,LiTi2(PO4)3,10.1021/jp973296c,298.0,3.83e-07,-6.416801226031377,NASICON,Oxides,-5.562344376,2.74e-06,0.730096508,-5.759311415107525,1.740558341420184e-06
422,Li1.5Al0.5Ge1.5(PO4)3,10.1016/S0955-2219(99)00055-2,298.15,0.00028,-3.552841968657781,NASICON,Oxides,-3.003188979,0.000992684,0.30211841,-3.554944189014375,0.00027864792347963237
661,Li0.06La0.66Ti0.93Al0.06O3,10.1021/cm011149s,300.15,1.68e-06,-5.774690718274137,Perovskite,Oxides,-4.525523843,2.98e-05,1.560417881,-5.521318165500492,3.0107994948702058e-06
185,"""(Li2S)0.5 ((Ga2S3)0.1 (GeS2)0.9)0.5""",10.1016/j.ssi.2007.10.011,301.15,6.7e-05,-4.173925197299174,Glass,Sulphides,-3.410815022,0.000388316,0.582337139,-4.075030228769592,8.413365789514867e-05
598,La0.55Li0.36Ti0.95Mn0.05O3,10.1007/BF02375549,298.15,0.00019,-3.721246399047171,Perovskite,Oxides,-3.307774735,0.000492295,0.170958817,-3.826835918207969,0.00014899238829385532
781,Li4GeS4,10.1016/S0167-2738(00)00277-0,298.15,2.51e-07,-6.600326278518962,Thio-LISICON,Sulphides,-5.647490933,2.25e-06,0.907565561,-5.996211967161096,1.0087604177626702e-06
2028,Li3.35Ge0.35P0.65S4,10.1149/1.1379028,298.15,0.001830655,-2.7373934938816933,Thio-LISICON,Sulphides,-1.781606075,0.016534609,0.9135297,-3.842299695974587,0.00014378060411334307
2030,Li6CoCl8,10.1002/zaac.19875531020,298.15,1.51e-06,-5.82102305270683,Rocksalt,Halides,-4.782061512,1.65e-05,1.081100407,-5.557447049385891,2.7704668030131904e-06
335,Li1.3Sc0.3Ti1.7(PO4)3,10.1016/0167-2738(86)90179-7,298.15,0.000568,-3.245651664288981,NASICON,Oxides,-2.837995853,0.001452125,0.16618326,-3.734189989558659,0.00018442084621088346
474,Li1.3Cr0.3Ge1.7(PO4)3,10.1246/bcsj.65.2200,298.15,2.44e-05,-4.61261017366127,NASICON,Oxides,-3.641925973,0.000228073,0.942227819,-4.466235679775234,3.4179390993987105e-05
31,Li6.55La3Zr2Ga0.9O12,10.1021/cm5008069,298.0,0.0013,-2.886056647693163,Garnet,Oxides,-2.467274172,0.003409776,0.175378762,-5.02068368793825,9.534903720126658e-06
454,Li1.4Y0.4Ti1.6(PO4)3,10.1149/1.2096693,298.15,0.00061,-3.214670164989233,NASICON,Oxides,-2.354816709,0.004417568,0.739347967,-3.6770414879175086,0.00021035774765464413
413,Li2InHf(PO4)3,10.1016/S0167-2738(96)00565-6,298.15,2.74e-08,-7.562249437179612,NASICON,Oxides,-6.320729726,4.78e-07,1.541371193,-6.8713231649756565,1.3448592518867248e-07
712,Li3Sc2P3O12,10.1016/j.materresbull.2007.08.007,298.15,1e-10,-10.0,NASICON,Oxides,-9.211965591,6.14e-10,0.62099823,-9.222226150402017,5.994788280274598e-10
403,Li1.3Al0.15Y0.15Ti1.7(PO4)3,10.1016/j.ssi.2012.05.011,298.15,1.9e-05,-4.721246399047171,NASICON,Oxides,-3.603469441,0.00024919,1.249425327,-4.577619721018314,2.6447235290231864e-05
2009,Li2.9Sc1.9Zr0.1(PO4)3,10.1016/S0925-8388(96)02746-6,298.15,7.48e-05,-4.126098402135539,NASICON,Sulphides,-3.437936098,0.000364808,0.473672025,-4.0331917653969835,9.264206663155356e-05
807,Li6.4La3Zr1.4Sb0.6O12 ,10.1039/C3CP50991E,303.15,0.00066,-3.1804560644581312,Garnet,Oxides,-2.311422294,0.004881774,0.755219693,-3.632656567122232,0.00023299330017573477
868,Li4.275Ge0.61Ga0.25S4,10.1016/S0167-2738(00)00277-0,298.15,6.34e-05,-4.1979107421182675,Thio-LISICON,Sulphides,-3.204258092,0.000624801,0.98734559,-4.14716821773858,7.125769701969649e-05
412,Li2InZr(PO4)3,10.1016/S0167-2738(96)00565-6,298.15,8.22e-08,-7.0851281824599495,NASICON,Oxides,-5.753097314,1.77e-06,1.774306232,-6.67897441665164,2.0942358191186834e-07
635,La0.303Li0.09NbO3,10.1016/S0167-2738(98)00266-5,298.15,3.52e-05,-4.453457336521869,Other,Oxides,-3.827951871,0.00014861,0.391257088,-4.319130730472565,4.795890619481293e-05
892,Li1.5Al0.5Ge1.5(PO4)3,10.1149/1.3122903,298.15,0.006309,-2.200039472594016,NASICON,Oxides,-1.830922616,0.014759695,0.136247254,-2.8014907900402823,0.0015794621025875654
731,Li10.35Si1.35P1.65S12,10.1107/S2052520615022283,298.15,0.0065,-2.1870866433571443,Thio-LISICON,Sulphides,-1.831791639,0.01473019,0.12623454,-3.003711162515531,0.0009914911395358785
650,LiSr1.65Zr1.3Ta1.7O9,10.1021/cm9810382,298.15,1.3e-05,-4.886056647693163,Perovskite,Oxides,-3.783087072,0.000164783,1.216541885,-4.783170788242365,1.6475143717393943e-05
683,Li0.36La0.55TiO3,10.1021/cm9810382,303.15,2e-05,-4.698970004336019,Perovskite,Oxides,-3.820351228,0.000151234,0.771970953,-4.537560633607231,2.9002762511406742e-05
549,Li3.2Ge0.2V0.8O4,10.1021/acs.chemmater.8b01504,303.15,1.9e-05,-4.721246399047171,LISICON,Oxides,-3.639848964,0.000229166,1.169420412,-4.585273431164325,2.5985230217809896e-05
358,Li1.5Cr0.5Ti1.5(PO4)3,10.1149/1.2086597,298.15,0.000391,-3.4078232426041333,NASICON,Oxides,-3.095437147,0.000802718,0.097585073,-3.365243557807358,0.00043127714334848823
2001, Li0.8La0.066Zr2(PO4)3,10.1007/s11581-009-0332-6,298.15,8.2e-06,-5.086186147616283,NASICON,Oxides,-4.156924999,6.97e-05,0.863809473,-4.985724415385192,1.0334169597387108e-05
432,Li1.6Al0.6Ge0.8Ti0.6(PO4)3,10.1021/cm021717j,298.15,0.00011,-3.958607314841775,NASICON,Oxides,-2.84088864,0.001442485,1.249295037,-3.8602346199693556,0.00013796387376350787
634,La0.273Li0.18NbO3,10.1016/S0167-2738(98)00266-5,298.15,3.82e-05,-4.4179366370882915,Other,Oxides,-3.8705298,0.000134732,0.299654245,-4.312215120215949,4.872870611463697e-05
367,Li1.1Fe0.1Hf1.9(PO4)3,10.1016/0167-2738(93)90387-I,298.15,0.000107,-3.9706162223147903,NASICON,Oxides,-3.292738842,0.000509637,0.459517742,-3.8716555808971296,0.00013438302690211177
2000,(YPO4)0.8(Li3PO4)0.2,10.1016/0167-2738(89)90457-8,298.15,1.41e-05,-4.85078088734462,Zircon,Oxides,-4.48122192,3.3e-05,0.136765326,-4.749620580297971,1.779833675839223e-05
391,LiZr2(PO4)3,10.1016/j.jpowsour.2013.03.175,298.15,5e-08,-7.301029995663981,NASICON,Oxides,-6.545779954,2.85e-07,0.570402625,-6.964358432359048,1.0855293436378017e-07
840,Li6SrLa2Ta2O12,10.1002/adfm.200400044,303.15,7e-06,-5.154901959985743,Garnet,Oxides,-4.256047142,5.55e-05,0.807939984,-5.05552387843813,8.799867268075707e-06
858,"""(Li2S)(LaOI)""",10.1016/j.ssi.2008.01.072,303.15,2.75e-07,-6.560667306169737,Glass,Sulphides and Other Anions,-5.606817691,2.47e-06,0.909829088,-6.017522402657506,9.604562729082626e-07
534,LiTi2P3O12,10.1016/0167-2738(94)90332-8,303.15,4e-07,-6.3979400086720375,NASICON,Oxides,-5.912135622,1.22e-06,0.236005903,-5.980902995201924,1.0449535958742946e-06
803,Li6.2La3Zr1.2Ta0.8O12 ,10.1039/C2JM31413D,298.15,0.00032,-3.494850021680094,Garnet,Oxides,-2.552224419,0.002803984,0.888543028,-3.5650279027652942,0.00027225263842456377
775,Li7La3Zr2O12 ,10.1016/j.jssc.2009.05.020,300.15,1.52e-06,-5.818156412055227,Garnet,Oxides,-5.217071555,6.07e-06,0.361303006,-5.572160321943539,2.6781794791875685e-06
750,Li6.17P0.83Si0.17S5Br,10.1039/c7ta08581h,298.15,0.000929,-3.031984286006358,Argyrodite,Sulphides and Other Anions,-2.676649874,0.002105475,0.126262544,-3.1801625292143827,0.0006604462381054271
656,Li0.25La0.66Ti0.75Al0.25O3,10.1021/cm011149s,298.15,7.66e-05,-4.115771230367396,Perovskite,Oxides,-3.599514903,0.000251469,0.266520596,-4.024070827603819,9.46082855361766e-05
289,Li6Sr0.5Ba0.5La2Ta2O12,10.1149/1.2800764,293.15,8.08e-06,-5.092588639225414,Garnet,Oxides,-4.417232517,3.83e-05,0.456105892,-4.9927870639530045,1.0167470851988358e-05
106,"""(LiCl)0.5 (P2O5)0.5""",10.1007/s11581-008-0276-2,303.15,6.83e-08,-7.165579296318468,Glass,Oxides and Other Anions,-5.940632151,1.15e-06,1.501181238,-6.599358197498459,2.515601253732843e-07
489,Li3.2PO3.1N0.7,10.1016/j.ssi.2005.10.021,298.15,5e-07,-6.301029995663981,LISICON,Oxides and Other Anions,-5.147562426,7.12e-06,1.330487434,-5.676310603251483,2.107120618438368e-06
596,La0.55Li0.36Ti0.95Ge0.05O3,10.1007/BF02375549,298.15,0.00036,-3.4436974992327127,Perovskite,Oxides,-2.852346252,0.001404927,0.349696297,-3.4337651476282445,0.00036832809968875146
484,Li1.35Al0.35Ge0.2Ti1.45(PO4)3,10.3389/fenrg.2016.00012,298.15,0.000618,-3.209011524911184,NASICON,Oxides,-2.570488893,0.002688507,0.407711152,-3.752640484350709,0.00017675003792272305
39,Li7P3S11,10.1039/C3EE41655K,298.0,0.0032,-2.494850021680094,Thio-LISICON,Sulphides,-2.175165388,0.006680894,0.102198265,-3.806643696124773,0.00015608325158806896
411,Li2FeZr(PO4)3,10.1016/S0167-2738(96)00565-6,298.15,1.44e-07,-6.841637507904751,NASICON,Oxides,-5.668971623,2.14e-06,1.375145278,-6.434390533459446,3.677980874193977e-07
481,Li1.45Al0.45Ge0.2Ti1.35(PO4)3,10.3389/fenrg.2016.00012,298.15,0.00101,-2.9956786262173574,NASICON,Oxides,-2.524282523,0.002990319,0.222214286,-4.40495936549522,3.9358689945709375e-05
471,LiSn2(PO4)3,10.1149/1.2220723,298.15,2e-09,-8.698970004336019,NASICON,Oxides,-7.274308459,5.32e-08,2.029660517,-7.559237186102812,2.759070602583877e-08
341,Li1.2Sc0.2Ti0.2Zr1.5(PO4)3,10.1016/0167-2738(86)90179-7,298.15,3.1e-07,-6.508638306165727,NASICON,Oxides,-5.9284297,1.18e-06,0.336642026,-5.985319566962848,1.034380758057637e-06
451,Li1.3Al0.3Ti1.7(PO4)3,10.1149/1.2086597,298.15,0.00216,-2.665546248849069,NASICON,Oxides,-1.856961084,0.013900772,0.65380997,-3.2332733331319754,0.0005844221489710108
377,Li1.3Lu0.3Hf1.7(PO4)3,10.1016/0167-2738(93)90387-I,298.15,3.56e-05,-4.448550002027125,NASICON,Oxides,-3.38273002,0.000414257,1.135972234,-4.336745624824231,4.6052623425130596e-05
18,Li3.4Si0.4P0.6S4,10.1006/jssc.2002.9701,300.15,0.00064,-3.193820026016113,Thio-LISICON,Sulphides,-2.569632133,0.002693816,0.389610526,-3.4226442177676146,0.0003778816319196306
537,Li1.6Al0.6Ge1.4 (PO4)3,10.1016/S0167-2738(97)00434-7,298.15,0.00038,-3.42021640338319,Glass-Ceramic,Oxides,-2.422893102,0.003776651,0.994653767,-3.524772809636087,0.0002986944756195032
462,Li1.5In0.5Ti1.5(PO4)3,10.1149/1.2086597,298.15,0.000204,-3.6903698325741012,NASICON,Oxides,-2.766889711,0.00171045,0.852815537,-3.808001237219316,0.00015559611989722114
673,Li10SnP2S12,10.1021/ja407393y,298.15,0.004,-2.3979400086720375,Thio-LISICON,Sulphides,-1.438257105,0.036453807,0.920991275,-3.875408994345862,0.00013322661871298144
619,Li0.5Sr0.5Cr0.25Ta0.75O3,10.1016/S0378-7753(97)02645-1,298.15,6.31e-05,-4.199970640755866,Perovskite,Oxides,-3.317956471,0.000480888,0.778070422,-4.133432824962299,7.354737469919654e-05
592,La0.55Li0.36Ti0.995Al0.005O3,10.1007/BF02375549,298.15,0.0011,-2.958607314841775,Perovskite,Oxides,-2.651285882,0.002232102,0.094446463,-4.6016025162333065,2.5026348258200565e-05
867,Li7La3Zr2O12,10.1016/j.jpowsour.2012.02.031,302.15,2.3e-05,-4.638272163982407,Garnet,Oxides,-3.813197411,0.000153746,0.680748347,-4.5381742667630345,2.8961812211004185e-05
300,Li3.2Ge0.2P0.8S4,10.1149/1.1379028,300.15,0.00054,-3.2676062401770314,Thio-LISICON,Sulphides,-2.923142233,0.001193597,0.118655452,-3.7572119672792015,0.00017489928446174166
801,Li6.6La3Zr1.6Ta0.4O12 ,10.1039/C2JM31413D,298.15,0.00073,-3.136677139879544,Garnet,Oxides,-2.493784267,0.003207862,0.413311246,-3.3904081610240215,0.0004069975912925689
746,Li6.30P0.70Si0.30S5Br,10.1039/c7ta08581h,298.15,0.00183,-2.7375489102695707,Argyrodite,Sulphides and Other Anions,-2.38308431,0.004139193,0.125645153,-5.4761433476540535,3.3408475041464886e-06
248,Li1.076Al0.6923Ti1.462(PO4)3,10.1016/S0167-2738(97)00018-0,294.15,0.000825,-3.083546051450075,NASICON,Oxides,-2.189639821,0.006461899,0.799068348,-3.325745050862299,0.0004723402434918118
751,Li6.13P0.87Si0.13S5Br,10.1039/c7ta08581h,298.15,0.000901,-3.045275209020937,Argyrodite,Sulphides and Other Anions,-2.783414758,0.001646589,0.068570896,-3.2541915065561824,0.000556940106388518
595,La0.56Li0.36Ti0.95Al0.05O3,10.1007/BF02375549,298.15,0.00064,-3.193820026016113,Perovskite,Oxides,-2.674754248,0.002114685,0.269429282,-3.5746893908590716,0.0002662628701609962
482,Li1.40Al0.4Ge0.2Ti1.4(PO4)3,10.3389/fenrg.2016.00012,298.15,0.001,-3.0,NASICON,Oxides,-2.473894908,0.003358189,0.276786568,-3.6515963233858217,0.00022305074421424527
645,Li0.15La0.51Sr0.15TiO3,10.1021/cm020609u,298.15,5.3e-05,-4.275724130399211,Perovskite,Oxides,-3.676049863,0.000210839,0.359609226,-4.183493278207518,6.554004297145816e-05
435,Li1.4Al0.4Ge0.8Ti0.8(PO4)3,10.1021/cm021717j,298.15,6e-05,-4.221848749616356,NASICON,Oxides,-3.501931924,0.000314824,0.518280237,-4.131359639378607,7.389930612509603e-05
25,Li9.6P3S12,10.1038/nenergy.2016.30,298.0,0.00158,-2.8013429130455774,Thio-LISICON,Sulphides,-1.927373304,0.011820251,0.763822878,-3.7137966196140813,0.00019328732709042684
710,Li3P,10.1016/0167-2738(89)90438-4,298.15,0.001,-3.0,Other,Other,-2.741537479,0.00181327,0.066802875,-3.7049681308084237,0.00019725674808147893
8,Li6PO5Cl,10.1002/zaac.201000121,298.15,1e-09,-9.0,Argyrodite,Oxides and Other Anions,-8.281847955,5.23e-09,0.515742359,-7.652459912999884,2.2260765104729454e-08
406,Li1.4Al0.4Ge1.6(PO4)3,10.1016/j.ssi.2013.09.022,298.15,0.000177,-3.7520267336381936,NASICON,Oxides,-3.004128003,0.00099054,0.559352513,-3.7753093909484394,0.00016776084657484325
606,Li0.10La0.63TiO3,10.1016/0167-2738(94)90309-3,300.15,7.9e-05,-4.102372908709558,Perovskite,Oxides,-3.302831648,0.00049793,0.639266228,-4.012777902025611,9.710064124730347e-05
2011,(YPO4)0.9(Li3PO4)0.1,10.1016/0167-2738(89)90457-8,298.15,4.64e-07,-6.333482019445119,Zircon,Oxides,-5.062021299,8.67e-06,1.616269245,-5.682824345907212,2.075752903591615e-06
424,Li1.3Al0.3Ge1.7(PO4)3,10.1016/S0955-2219(99)00055-2,298.15,3.9e-05,-4.4089353929735005,NASICON,Oxides,-3.536173716,0.000290955,0.761712945,-4.31054043234166,4.891697218479057e-05
122,"""(Li2O)50 (Al2O3)2 (P2O5)48""",10.1016/j.jeurceramsoc.2008.12.016,298.15,3.16e-09,-8.500312917381596,Glass,Oxides,-7.549550313,2.82e-08,0.903949529,-7.758137115332721,1.7452710494389137e-08
546,Li3P0.2V0.8O4,10.1021/acs.chemmater.8b01504,303.15,1.31e-13,-12.882728704344236,LISICON,Oxides,-11.50084786,3.16e-12,1.914187441,-11.783768579336146,1.645248186118509e-12
785,Li6.6La2.75Y0.25Zr1.6Ta0.4O12,10.1021/am503731h,300.15,0.000436,-3.360513510731414,Garnet,Oxides,-2.414731939,0.003848292,0.894502782,-3.548766775407983,0.0002826397397865904
30,Li1.6Al0.6Ge0.8(PO4)3,10.1021/cm021717j,298.0,0.0007,-3.154901959985743,NASICON,Oxides,-2.881035177,0.001315118,0.075003015,-3.3038890306332442,0.0004967192251496815
379,Li1.1Sc0.1Hf1.9(PO4)3,10.1016/0167-2738(93)90387-I,298.15,2.45e-05,-4.610833915635467,NASICON,Oxides,-3.650312946,0.000223711,0.922600534,-4.449602732298592,3.551381006777615e-05
310,Li1.3Al0.1Sc0.2Ti1.7(PO4)3,10.1007/s10008-012-1780-x,298.15,0.000426,-3.370590400897281,NASICON,Oxides,-3.1216855,0.000755639,0.06195365,-3.4622097273604995,0.0003449771044530615
802,Li6.7La3Zr1.7Ta0.3O12,10.1016/j.ceramint.2018.09.245,303.15,0.00103,-2.9871627752948275,Garnet,Oxides,-2.09229678,0.008085432,0.800785148,-4.453081372890352,3.5230485420052176e-05
505,"""(Li2O)50((SeO2)0.5 (B2O3)0.5)50""",10.1016/S0167-2738(02)00137-6,300.15,7.54e-07,-6.122628654130226,Glass,Oxides,-5.572152992,2.68e-06,0.303023454,-5.951744993249931,1.1175192342396612e-06
2029,Li6NiCl8,10.1002/zaac.19875531020,298.15,2.69e-10,-9.570247719997592,Rocksalt,Halides,-8.842231414,1.44e-09,0.529174761,-8.344543863240906,4.52330775139677e-09
340,LiTi0.2Zr1.8(PO4)3,10.1016/0167-2738(86)90179-7,298.15,5.6e-08,-7.251811972993799,NASICON,Oxides,-6.481022136,3.3e-07,0.594116973,-6.874991748497077,1.3335467690280248e-07
98,Li1.3Al0.3Ti1.7(PO4)3,10.1007/s11581-007-0197-5,298.15,5.2e-07,-6.2839966563652006,NASICON,Oxides,-5.486811221,3.26e-06,0.635504618,-5.781853702018892,1.6525183776859518e-06
713,Li5La3Bi2O12,10.1016/j.ssi.2017.03.030,298.15,2e-05,-4.698970004336019,Garnet,Oxides,-3.618496843,0.000240715,1.167422251,-4.561799734807513,2.7428386791016932e-05
382,Li1.3Cr0.3Hf1.7(PO4)3,10.1016/0167-2738(93)90387-I,298.15,5.26e-07,-6.279014255846261,NASICON,Oxides,-5.510892928,3.08e-06,0.590010375,-5.716857338446155,1.919299108398695e-06
640,Li0.3Sr0.6Ti0.40Fe0.10Ta0.5O3,10.1149/1.1629102,298.15,3.6e-05,-4.443697499232712,Perovskite,Oxides,-3.621889414,0.000238842,0.675368528,-4.31776012506508,4.811050049834003e-05
723,Li2Ca(NH)2,10.1039/c2cp23636b,298.15,6.4e-06,-5.1938200260161125,Other,Other,-4.129515743,7.42e-05,1.132743607,-4.993575226587816,1.0149035541983282e-05
675,Li10GeP2S12,10.1038/nmat3066,298.15,0.012,-1.9208187539523751,Thio-LISICON,Sulphides,-1.781536518,0.016537257,0.019399541,-2.515514772578968,0.003051302236963698
408,Li2CrZr(PO4)3,10.1016/S0167-2738(96)00565-6,298.15,5.91e-07,-6.228412519118745,NASICON,Oxides,-5.358380979,4.38e-06,0.756954881,-5.698335633595189,2.0029235198846728e-06
617,Li0.25La0.25TaO3,10.1016/S0167-2738(98)00414-7,298.15,0.000366,-3.4365189146055894,Perovskite,Oxides,-2.457642582,0.003486241,0.958198876,-3.4640466890772026,0.0003435210154910232
660,Li0.10La0.66Ti0.90Al0.10O3,10.1021/cm011149s,300.15,7.34e-06,-5.13430394008393,Perovskite,Oxides,-4.624635102,2.37e-05,0.259762324,-5.020031384902679,9.54923574630204e-06
901,Li5AlS4,10.1016/j.jssc.2017.09.018,298.15,1.26e-08,-7.8996294548824375,Thio-LISICON,Sulphides,-6.703032302,1.98e-07,1.432670076,-6.883105686073774,1.3088633707978148e-07
852,"""(Li2O)50 (P2O5)50""",10.1016/j.jeurceramsoc.2008.12.016,298.15,1.32e-09,-8.87942606879415,Glass,Oxides,-8.066799953,8.57e-09,0.660361204,-7.447303155218764,3.5702353419660364e-08
24,Li7La3Zr2O12,10.1016/j.jssc.2009.05.020,298.0,1.63e-06,-5.787812395596042,Garnet,Oxides,-5.17133664,6.74e-06,0.380042357,-5.6105430166187755,2.451641608090909e-06
197,Li6La2SrNb2O12,10.1016/j.ssi.2008.01.047,298.15,6.21e-07,-6.20690839982342,Garnet,Oxides,-4.930521722,1.17e-05,1.629162951,-5.786317429523399,1.635620595447395e-06
404,Li1.4Al0.4Ge0.2Ti1.4(PO4)3,10.1016/j.ssi.2013.09.022,298.15,0.00129,-2.889410289700751,NASICON,Oxides,-2.111094715,0.007742929,0.605775135,-4.145912917349893,7.146396078224107e-05
535,LiZr2P3O12,10.1016/0167-2738(94)90332-8,303.15,5e-08,-7.301029995663981,NASICON,Oxides,-6.557206837,2.77e-07,0.553272892,-6.888693096322507,1.2921320643879177e-07
787,Li6.6La2.5Y0.5Zr1.6Ta0.4O12 ,10.1021/am503731h,300.15,0.000226,-3.6458915608525992,Garnet,Oxides,-3.085006408,0.000822231,0.314592155,-3.6091384495008896,0.00024595833842445904
814,Li6BaLa2Nb2O12 ,10.1111/j.1551-2916.2005.00060.x,295.15,6e-06,-5.221848749616356,Garnet,Oxides,-4.462729583,3.45e-05,0.57626191,-5.039454546134322,9.13157002576387e-06
37,Li10GeP2S12,10.1016/j.ssi.2015.02.014,298.15,0.00203,-2.692503962086787,Thio-LISICON,Sulphides,-1.824309424,0.014986167,0.753761756,-3.3300813441679775,0.00046764754182525883
468,Li1.3La0.3Ti1.7(PO4)3,10.1149/1.2096693,298.15,0.000528,-3.277366077466188,NASICON,Oxides,-2.331108611,0.004665427,0.895403191,-3.5050007580896914,0.00031260739103507906
663,Li0.27La0.59TiO3,10.2109/jcersj.105.548,298.15,0.00058,-3.2365720064370627,Perovskite,Oxides,-2.649400712,0.002241813,0.344770128,-3.6267630201801633,0.00023617666178514472
759,Li6BaLa2Ta2O12 ,10.1002/adfm.200400044,295.15,4e-05,-4.3979400086720375,Garnet,Oxides,-3.944421876,0.000113652,0.205678697,-4.323801825486068,4.744584377478633e-05
847,"""(Li2O)50 (Al2O5)5 (P2O5)45""",10.1016/j.jeurceramsoc.2008.12.016,298.15,1.15e-08,-7.939302159646388,Glass,Oxides,-6.71191947,1.94e-07,1.506468267,-7.057099542973504,8.767998301821131e-08
889,"""((Li2S)0.6 (SiS2)0.4 )95 (Li4SiO4)5""",10.1149/1.1392498,298.15,0.00588,-2.2306226739238615,Glass,Sulphides and Other Anions,-1.58319584,0.026109837,0.419161505,-2.7851445342242918,0.0016400438719108249
327,Li0.2Zr1.2Nb0.8(PO4)3,10.1016/0025-5408(89)90129-3,298.15,2.38e-07,-6.623423042943488,NASICON,Oxides,-5.656432391,2.21e-06,0.935070921,-6.278902389959064,5.261355049119461e-07
23,Li6.5La3Zr1.75Te0.25O12,10.1016/j.jpowsour.2013.03.166,303.0,0.000107,-3.9706162223147903,Garnet,Oxides,-2.89394589,0.001276598,1.162724214,-3.8726011763335606,0.0001340907511656836
434,Li1.8Al0.8Ge0.8Ti0.4(PO4)3,10.1021/cm021717j,298.15,7e-05,-4.154901959985743,NASICON,Oxides,-3.263978446,0.00054453,0.793744709,-4.078975074493332,8.33729033540391e-05
311,Li1.3Al0.2Sc0.1Ti1.7(PO4)3,10.1007/s10008-012-1780-x,298.15,0.000269,-3.570247719997592,NASICON,Oxides,-2.688705519,0.002047833,0.777116652,-3.547921813104361,0.000283190178279518
169,Li1.4Al0.4(Ge0.67Ti0.33)1.6(PO4)3,10.1016/j.ssi.2004.05.009,294.15,0.000676,-3.170053304058364,NASICON,Oxides,-2.560133908,0.00275338,0.37200167,-3.5332014874662687,0.0002929533796047272
774,Li5.5La2.75K0.25Nb2O12 ,10.1016/j.jssc.2005.12.025,298.15,1.06e-05,-4.97469413473523,Garnet,Oxides,-4.547433374,2.84e-05,0.182551758,-4.814707208650336,1.5321200336582607e-05
370,Li1.1Y0.1Hf1.9(PO4)3,10.1016/0167-2738(93)90387-I,298.15,9.18e-05,-4.037157318798758,NASICON,Oxides,-3.140898131,0.000722939,0.803280532,-3.9436779191319964,0.0001138471284308419
795,Li6La3Nb1.5Y0.5O12 ,10.1021/jp304737x,297.15,0.000188,-3.72584215073632,Garnet,Oxides,-2.681306791,0.002083019,1.091054118,-3.74813046702907,0.0001785950974158351
158,Li1.4S2.2P0.6,10.1016/j.jpowsour.2008.09.044,298.15,0.002,-2.6989700043360187,Glass,Sulphides,-1.873836064,0.013371001,0.680846019,-3.9126554105388482,0.00012227694775961733
2005,Li5La3Sb2O12,10.1016/j.ssi.2008.01.002,298.15,2.06e-06,-5.686132779630847,Garnet,Oxides,-5.065876437,8.59e-06,0.384285729,-5.442071020534913,3.6135076581882516e-06
401,Li1.3Al0.2Y0.1Ti1.7(PO4)3,10.1016/j.ssi.2012.05.011,298.15,0.00012,-3.9208187539523753,NASICON,Oxides,-2.833533695,0.001467122,1.182188799,-3.82302165558559,0.00015030670155454003
438,Li1.2Al0.2Ge1.0Ti0.8(PO4)3,10.1021/cm021717j,298.15,3e-05,-4.522878745280337,NASICON,Oxides,-3.450919142,0.000354063,1.14909739,-4.407672318803976,3.911359019355418e-05
704,Li4SiO4,10.1016/0025-5408(76)90235-X,298.15,2e-10,-9.698970004336019,LISICON,Oxides,-8.576157335,2.65e-09,1.260708289,-7.029811538510431,9.336593730935745e-08
786,Li6.6La2.875Y0.125Zr1.6Ta0.4O12 ,10.1021/am503731h,300.15,0.000317,-3.4989407377822483,Garnet,Oxides,-3.069697884,0.00085173,0.184249428,-3.500910198001033,0.0003155657072411721
364,Li1.2In0.2Hf1.8(PO4)3,10.1016/0167-2738(93)90387-I,298.15,0.000132,-3.87942606879415,NASICON,Oxides,-2.856970835,0.001390046,1.045414706,-3.9208402306944468,0.00011999406590359094
551,Li3.8Ge0.8V0.2O4,10.1021/acs.chemmater.8b01504,303.15,2.71e-06,-5.567030709125595,LISICON,Oxides,-4.888290019,1.29e-05,0.460688925,-5.265975261714956,5.42031764739119e-06
548,Li3.4Ge0.4P0.6O4,10.1021/acs.chemmater.8b01504,303.15,4.5e-06,-5.346787486224656,LISICON,Oxides,-4.934261092,1.16e-05,0.170178026,-5.169133859062147,6.77432675855425e-06
539,Li6.25PS5.25Cl0.75,10.1016/j.apsusc.2019.07.041,298.15,0.014,-1.853871964321762,Argyrodite,Sulphides and Other Anions,-1.64427778,0.022684135,0.043929722,-2.682799542655639,0.002075871456540945
337,Li1.2Sc0.2Ti1.6Zr0.2(PO4)3,10.1016/0167-2738(86)90179-7,298.15,0.00012,-3.9208187539523753,NASICON,Oxides,-3.287271008,0.000516094,0.401382746,-3.8239604495327066,0.000149982141549445
542,Li3VO4,10.1021/acs.chemmater.8b01504,303.15,9.2e-14,-13.036212172654444,LISICON,Oxides,-12.0304697,9.32e-13,1.011517914,-12.263950422626092,5.445648147017596e-13
778,Li7P3S11,10.1016/j.ssi.2006.04.017,298.15,0.0032,-2.494850021680094,Thio-LISICON,Sulphides,-1.65834739,0.021961025,0.699736653,-5.474624026227701,3.352555481825177e-06
2007,"""(Li2O)16.6 (SiO2)83.4""",10.1016/S0022-3093(99)00688-2,298.15,1.3e-09,-8.886056647693163,Glass,Oxides,-8.0288714,9.36e-09,0.736698929,-7.56916772657208,2.6966977539479203e-08
893,Li4.4Al0.4Ge0.6S4,10.1021/acs.chemmater.8b03175,303.15,4.33e-05,-4.363512103646634,Thio-LISICON,Sulphides,-3.73467642,0.000184214,0.395434317,-4.2645227167710384,5.438476837733425e-05
2016,Li0.96Ga0.96Si2.04O6,10.1016/0167-2738(87)90048-8,298.15,2.35e-11,-10.628932137728263,Phenakite,Oxides,-9.177837131,6.64e-10,2.105137794,-7.652285256135385,2.226971934546697e-08
633,La0.283Li0.15NbO3,10.1016/S0167-2738(98)00266-5,298.15,3.85e-05,-4.414539270491499,Other,Oxides,-3.323086492,0.000475241,1.191269168,-4.33017941079608,4.675419557723637e-05
2026,Li4.8Si0.2Al0.8S4,10.1006/jssc.2002.9701,298.15,1.07e-06,-5.97061622231479,Thio-LISICON,Sulphides,-5.460153871,3.47e-06,0.261385435,-5.7889794933830405,1.625625513098511e-06
6,Li2.7OH0.3Cl,10.1002/aenm.201700971,299.15,7.3e-09,-8.136677139879543,Anti-Perovskite,Oxides and Other Anions,-7.284859043,5.19e-08,0.725594071,-6.8034817952860145,1.572237695988965e-07
855,"""(AgI)0.5(LiPO3)0.5""",10.1016/j.ssi.2008.04.015,303.15,4.1e-08,-7.3872161432802645,Glass,Oxides and Other Anions,-6.651367229,2.23e-07,0.541473625,-6.847933708846976,1.4192741446100575e-07
79,Li0.24La0.59TiO3,10.1007/s10717-007-0032-5,296.15,0.000166,-3.779891911959945,Perovskite,Oxides,-2.763105837,0.001725417,1.033853923,-3.7968061994394535,0.0001596591454907838
726,Li13.6Si2.8S1.2O16,10.1016/0013-4686(77)80035-2,298.15,6e-07,-6.221848749616356,LISICON,Oxides,-5.16695463,6.81e-06,1.112801605,-5.695229503242882,2.0173000382463164e-06
249,Li1.5Al0.5Ge1.5(PO4)3,10.1016/S0167-2738(97)00434-7,298.15,0.000218,-3.661543506395395,NASICON,Oxides,-3.003790308,0.00099131,0.432639269,-3.780621657590762,0.0001657213041778058
378,Li1.3Y0.3Hf1.7(PO4)3,10.1016/0167-2738(93)90387-I,298.15,3.19e-05,-4.496209316942819,NASICON,Oxides,-3.587144392,0.000258735,0.826399038,-4.35052852919258,4.46140316262306e-05
707,Li3.5Ge0.5V0.5O4,10.1016/0025-5408(80)90249-4,298.15,7e-05,-4.154901959985743,LISICON,Oxides,-3.2804433,0.000524272,0.764677947,-4.060143599967455,8.706756524543717e-05
387,LiZr2(PO4)3,10.1016/0167-2738(90)90188-W,298.15,3.3e-06,-5.481486060122113,NASICON,Oxides,-4.372914586,4.24e-05,1.228930712,-5.279851679417101,5.249867235034322e-06
652,LiSr2Ti2NbO9,10.1021/cm9810382,298.15,1e-06,-6.0,Perovskite,Oxides,-5.377858019,4.19e-06,0.387060644,-5.669050885508943,2.142639537163441e-06
332,Li1.6Ga0.6Ti1.4(PO4)3,10.1016/0167-2738(86)90176-1,298.15,1.3e-05,-4.886056647693163,NASICON,Oxides,-4.425156331,3.76e-05,0.212429102,-4.766084011867805,1.7136257840045877e-05
