Temp_K,Ea_eV,electrolyte,doi,Ionic_Conductivity,Material_Type,avg_electronegativity,avg_atomic_mass,avg_ionic_radius,num_elements,li_fraction,composition_entropy,electronegativity_variance,group_diversity,packing_efficiency_proxy,li_to_anion_ratio,heaviest_element_mass,lightest_element_mass,is_mixture,formula_complexity,total_atoms
293.0157881,0.62246375,Li5La3Ta2O12,10.1016/j.jssc.2024.125154,1.49e-07,Garnet,2.385454545,45.69681818,1.135,4.0,0.227272727,1.157033336,1.352115702,4.0,0.457142857,0.416666667,180.95,6.94,0.0,88.0,22.0
293.0482027,0.323120437,Li1.3Al0.3Ti1.7(PO4)3 ,10.1039/d4ta00068d,0.000285094,NASICON,2.853825137,20.9510929,1.109672131,5.0,0.071038251,1.049159727,0.856755,5.0,0.314285714,0.108333333,47.87,6.94,0.0,91.5,18.3
293.0726838,0.341556947,Li10SiP2S12,10.1021/acsami.2c20193,0.002274083,Thiophosphate,1.8816,21.7708,1.2384,4.0,0.4,1.049634821,0.56690144,4.0,0.217391304,0.833333333,32.07,6.94,0.0,100.0,25.0
293.0952618,0.407909927,Li0.5La0.5TiO3,10.1557/PROC-575-337,0.00040438,Perovskite,2.58,33.759,1.141,4.0,0.1,1.088899975,1.275922222,4.0,0.435714286,0.166666667,138.91,6.94,0.0,20.0,5.0
293.0986981,0.352995002,Li6PS5Cl,10.1021/acs.nanolett.0c02489,0.001845823,Argyrodite,1.856153846,20.64692308,1.231538462,4.0,0.461538462,1.118968867,0.69516213,4.0,0.239130435,1.0,35.45,6.94,0.0,52.0,13.0
293.0991087,0.299027168,Li1.3Al0.3Ti1.7(PO4)3 ,10.1039/d4ta00068d,0.000646899,NASICON,2.853825137,20.9510929,1.109672131,5.0,0.071038251,1.049159727,0.856755,5.0,0.314285714,0.108333333,47.87,6.94,0.0,91.5,18.3
293.1067735,0.286015696,Li1.3Al0.3Ti1.7(PO4)3 ,10.1039/d4ta00068d,0.000731821,NASICON,2.853825137,20.9510929,1.109672131,5.0,0.071038251,1.049159727,0.856755,5.0,0.314285714,0.108333333,47.87,6.94,0.0,91.5,18.3
293.1318715,0.534900892,LiTa2PO8,10.1016/j.ssi.2020.115314,0.000258397,NASICON,2.8075,43.98416667,1.14,4.0,0.083333333,0.983087759,0.86171875,4.0,0.314285714,0.125,180.95,6.94,0.0,48.0,12.0
293.1533183,0.347784459,Li1.3Al0.3Ti1.7(PO4)3 ,10.1039/d4ta00068d,0.000209437,NASICON,2.853825137,20.9510929,1.109672131,5.0,0.071038251,1.049159727,0.856755,5.0,0.314285714,0.108333333,47.87,6.94,0.0,91.5,18.3
293.1646475,0.316541731,Li10SiP2S12, 10.1149/2.0501412jes,0.00186024,LGPS,1.8816,21.7708,1.2384,4.0,0.4,1.049634821,0.56690144,4.0,0.217391304,0.833333333,32.07,6.94,0.0,100.0,25.0
293.1661311,0.659959971,Li2OHBr,10.1016/j.ssi.2024.116770,1.27e-06,Garnet-Halide,2.112,22.1576,1.05,4.0,0.4,1.33217904,1.010656,3.0,0.18877551,1.0,79.9,1.008,0.0,20.0,5.0
293.1734894,0.164172773,Li7La3Zr2O12,10.1021/acs.chemmater.3c01658,5.65e-05,Garnet,2.254166667,34.98958333,1.110416667,4.0,0.291666667,1.172954578,1.414307639,4.0,0.514285714,0.583333333,138.91,6.94,0.0,96.0,24.0
293.212479,0.309687619,Li1.3Al0.3Ti1.7(PO4)3 ,10.1039/d4ta00068d,0.000542371,NASICON,2.853825137,20.9510929,1.109672131,5.0,0.071038251,1.049159727,0.856755,5.0,0.314285714,0.108333333,47.87,6.94,0.0,91.5,18.3
293.247567,0.201312799,Li6.6La3Zr1.6Sb0.4O12,10.1039/C3CP50991E,5.39e-07,Garnet,2.287966102,35.98262712,1.117033898,5.0,0.279661017,1.214006633,1.359336,5.0,0.514285714,0.55,138.91,6.94,0.0,118.0,23.6
293.3130699,0.357347274,Li3PS4,10.1016/j.jpowsour.2018.04.021,0.000189434,Sulfide,1.93125,22.50875,1.26,3.0,0.375,0.974314753,0.558135938,3.0,0.239130435,0.75,32.07,6.94,0.0,24.0,8.0
293.3333333,0.52662927,Li10SnP2S12,10.1021/ja407393y ,0.002311171,Thio-LISICON,1.884,25.3956,1.25,4.0,0.4,1.049634821,0.567128,4.0,0.239130435,0.833333333,118.71,6.94,0.0,100.0,25.0
293.4062901,0.552523257,Li9SiAlO8,10.1002/anie.200701144,2e-07,Perovskite,2.097368421,12.92263158,0.998947368,4.0,0.473684211,1.028094057,1.364966759,4.0,0.285714286,1.125,28.09,6.94,0.0,76.0,19.0
293.4220526,0.371297222,Li1.3Al0.3Ti1.7(PO4)3 ,10.1016/j.ssi.2015.03.009,0.00058597,LISICON,2.853825137,20.9510929,1.109672131,5.0,0.071038251,1.049159727,0.856755,5.0,0.314285714,0.108333333,47.87,6.94,0.0,91.5,18.3
293.4579439,0.3536177,Li6PS5Br,10.1021/jacs.3c12323,0.020423104,Argyrodite,1.840769231,24.06615385,1.243076923,4.0,0.461538462,1.118968867,0.657884024,4.0,0.224489796,1.0,79.9,6.94,0.0,52.0,13.0
293.4859422,0.492989497,Li6.5La3Zr1.5Ta0.5O12,10.1016/j.jpowsour.201,1.4e-06,Garnet,2.284893617,37.49553191,1.116170213,5.0,0.276595745,1.218998086,1.379576,5.0,0.457142857,0.541666667,180.95,6.94,0.0,117.5,23.5
293.7695208,0.368698713,Li1.3Al0.3Ti1.7(PO4)3,10.1021/acsami.9b08132,0.000115964,NASICON,2.853825137,20.9510929,1.109672131,5.0,0.071038251,1.049159727,0.856755,5.0,0.314285714,0.108333333,47.87,6.94,0.0,91.5,18.3
293.8039714,0.538869994,Li3.9Zn0.05GeS4,10.1016/S0167-2738(00)00277-0,2.62e-07,Sulfide,1.813910615,25.83743017,1.216871508,4.0,0.43575419,0.995765333,0.51888,4.0,0.288043478,0.975,72.63,6.94,0.0,35.8,8.95
293.8113726,0.55931842,Li4GeS4,10.1016/S0167-2738(00)00277-0,1.63e-07,Thio-LISICON,1.805555556,25.40777778,1.214444444,3.0,0.444444444,0.964962923,0.57411358,3.0,0.288043478,1.0,72.63,6.94,0.0,27.0,9.0
294.0035045,0.460158019,Li5La3Bi2O12,10.1016/j.mseb.2007.07.009,1.82e-05,Garnet,2.432727273,48.245,1.170454545,4.0,0.227272727,1.157033336,1.290747107,4.0,0.542857143,0.416666667,208.98,6.94,0.0,88.0,22.0
294.5152195,0.424444728,Li6.75La3Zr1.875Te0.125O12,10.1016/j.jpowsour.2013.03.166,0.000206016,Garnet,2.271631579,35.47631579,1.121947368,5.0,0.284210526,1.19188402,1.358648,4.0,0.325791855,0.5625,138.91,6.94,0.0,118.75,23.75
294.7299222,0.185382704,Li6.25P0.75Si0.25S5Br,10.1039/C7TA08581H,0.001250566,Argyrodite,1.819056604,23.68867925,1.233207547,5.0,0.471698113,1.154677661,0.616939556,5.0,0.204081633,1.041666667,79.9,6.94,0.0,66.25,13.25
295.0675589,0.343036277,Li1.5Al0.5Ge1.5(PO4)3 ,10.1021/acs.jpcc.4c02613,0.000241594,LAGP,2.872432432,22.58135135,1.098648649,5.0,0.081081081,1.080768657,0.765246,5.0,0.314285714,0.125,72.63,6.94,0.0,92.5,18.5
295.2,0.281580675,Li10GeP2S12,10.1039/C3EE41728J,0.008804374,LGPS,1.886,23.5524,1.2436,4.0,0.4,1.049634821,0.567528,4.0,0.239130435,0.833333333,72.63,6.94,0.0,100.0,25.0
295.2091717,0.379882922, Li5La3Nb2O12 ,10.1038/nmat4821,0.000227699,Garnet,2.394545455,37.69318182,1.135,4.0,0.227272727,1.157033336,1.336842975,4.0,0.457142857,0.416666667,138.91,6.94,0.0,88.0,22.0
295.7148671,0.386012499,Li6PS5Cl,10.1021/acsaem.4c01426,0.001290372,Argyrodite,1.856153846,20.64692308,1.231538462,4.0,0.461538462,1.118968867,0.69516213,4.0,0.239130435,1.0,35.45,6.94,0.0,52.0,13.0
295.8878799,0.107599032,Li7La3Zr2O12,10.1007/s10853-020-05221-1,2.77e-05,Garnet,2.254166667,34.98958333,1.110416667,4.0,0.291666667,1.172954578,1.414307639,4.0,0.514285714,0.583333333,138.91,6.94,0.0,96.0,24.0
296.0131688,0.52735257,Li5La3Ta2O12,10.1039/c6dt04021g,1.83e-05,Garnet,2.385454545,45.69681818,1.135,4.0,0.227272727,1.157033336,1.352115702,4.0,0.457142857,0.416666667,180.95,6.94,0.0,88.0,22.0
296.1467272,0.318574549,Li7La3Hf2O12,10.1007/s11581-010-0486-2,0.000216671,Garnet,2.251666667,42.26208333,1.10875,4.0,0.291666667,1.172954578,1.418997222,4.0,0.5,0.583333333,178.49,6.94,0.0,96.0,24.0
296.2054571,0.308299406,Li3.2Ge0.2P0.8S4,10.1149/1.1379028,0.000535099,LISICON,1.903658537,23.14512195,1.25,4.0,0.390243902,1.035005177,0.530004,4.0,0.239130435,0.8,72.63,6.94,0.0,32.8,8.2
296.3397504,0.436272205,Li7La3Zr2O12,10.1007/s10853-020-05221-1,4.88e-05,Garnet,2.254166667,34.98958333,1.110416667,4.0,0.291666667,1.172954578,1.414307639,4.0,0.514285714,0.583333333,138.91,6.94,0.0,96.0,24.0
296.4733314,0.386362087,Li6PS5Cl,10.1021/acsaem.4c01426,0.001834082,Argyrodite,1.856153846,20.64692308,1.231538462,4.0,0.461538462,1.118968867,0.69516213,4.0,0.239130435,1.0,35.45,6.94,0.0,52.0,13.0
296.4870841,0.262853317,Li3.35Ge0.35P0.65S4,10.1149/1.1379028,0.001722636,LISICON,1.883832335,23.60239521,1.242814371,4.0,0.401197605,1.050674956,0.530004,4.0,0.239130435,0.8375,72.63,6.94,0.0,33.4,8.35
296.4906144,0.396500507,Li6PS5Cl,10.1021/acsaem.4c01426,0.001344945,Argyrodite,1.856153846,20.64692308,1.231538462,4.0,0.461538462,1.118968867,0.69516213,4.0,0.239130435,1.0,35.45,6.94,0.0,52.0,13.0
296.5107182,0.285821015,Li1.3Al0.3Ti1.7(PO4)3 ,10.1021/acsami.8b06366,0.000127175,NASICON,2.853825137,20.9510929,1.109672131,5.0,0.071038251,1.049159727,0.856755,5.0,0.314285714,0.108333333,47.87,6.94,0.0,91.5,18.3
296.6047653,0.487432722,Li5.5La3Nb1.75In0.25O12,10.1016/j.jssc.2005.12.025,2.7e-05,Garnet,2.365111111,37.25322222,1.128444444,5.0,0.244444444,1.196911522,1.3174,5.0,0.457142857,0.458333333,138.91,6.94,0.0,112.5,22.5
296.7239488,0.352502091,Li6.5La2.9Ba0.1Zr1.4Ta0.6O12,10.1021/acs.jpcc.2c02074,0.000198343,Garnet,2.284723404,37.8706383,1.117191489,6.0,0.276595745,1.241785003,1.392327367,6.0,0.457142857,0.541666667,180.95,6.94,0.0,141.0,23.5
296.8028398,0.378182941,LiAlH4,10.1063/1.3356981,1.57e-06,Hydride,1.898333333,6.325333333,0.463333333,3.0,0.166666667,0.867563228,0.215080556,2.0,0.486842105,0.0,26.98,1.008,0.0,18.0,6.0
296.8565856,0.309948983,Li9.6P3S12,10.1038/NENERGY.2016.30,0.001031716,LGPS,1.90804878,22.12902439,1.247804878,3.0,0.390243902,0.973980491,0.57055776,3.0,0.239130435,0.8,32.07,6.94,0.0,73.8,24.6
297.1418697,0.350568141,Li1.5Al0.5Ge1.5(PO4)3,10.1088/1674-1056/25/1/018802,0.000327567,NASICON,2.872432432,22.58135135,1.098648649,5.0,0.081081081,1.080768657,0.765246,5.0,0.314285714,0.125,72.63,6.94,0.0,92.5,18.5
297.3526692,0.634467542,Li2NH,10.1016/0375-9601(79)90846-6,0.000210261,Hydride,1.8,7.2245,0.505,3.0,0.5,1.039720771,0.7606,2.0,0.171052632,0.0,14.01,1.008,0.0,12.0,4.0
297.353614,0.178882007,Li5PS4(BH4)2,10.1021/acsomega.8b00377,0.001975815,Argyrodite,1.9545,11.1817,0.755,5.0,0.25,1.415022588,0.34327475,4.0,0.14673913,1.25,32.07,1.008,0.0,100.0,20.0
297.4043115,0.485986664,Li5La3Nb2O12,10.1016/j.jpowsour.2010.11.089,2.74e-05,Garnet,2.394545455,37.69318182,1.135,4.0,0.227272727,1.157033336,1.336842975,4.0,0.457142857,0.416666667,138.91,6.94,0.0,88.0,22.0
297.4043115,0.336426213,Li6.75La3Zr1.75Nb0.25O12,10.1016/j.jpowsour.2010.11.089,0.000782512,Garnet,2.270421053,35.30263158,1.113263158,5.0,0.284210526,1.203924315,1.374168,5.0,0.457142857,0.5625,138.91,6.94,0.0,118.75,23.75
297.4676578,0.460735732,Li1.6Al0.6Ge1.4(PO4)3,10.1021/acsenergylett.7b00849,0.000426059,NASICON,2.860107527,22.25182796,1.09688172,5.0,0.086021505,1.093522429,0.765246,5.0,0.314285714,0.133333333,72.63,6.94,0.0,93.0,18.6
297.4723712,0.270578102, Li6.6La3Zr1.6Sb0.4O12,10.1016/j.jpcs.2021.110092,9.4e-05,Garnet,2.287966102,35.98262712,1.117033898,5.0,0.279661017,1.214006633,1.359336,5.0,0.514285714,0.55,138.91,6.94,0.0,118.0,23.6
297.5047985,0.380431446,Li6.6La3Zr1.6Ta0.4O12,10.1002/adsu.202300656,0.000700997,Garnet,2.278644068,36.98584746,1.115,5.0,0.279661017,1.214006633,1.379576,5.0,0.457142857,0.55,180.95,6.94,0.0,118.0,23.6
297.5433369,0.379982095,Li1.3Al0.3Ti1.7(PO4)3,10.1021/acsami.9b08132,7.79e-06,NASICON,2.853825137,20.9510929,1.109672131,5.0,0.071038251,1.049159727,0.856755,5.0,0.314285714,0.108333333,47.87,6.94,0.0,91.5,18.3
297.5629946,0.35510714,Li1.3Al0.3Ti1.7(PO4)3 ,10.1021/acsami.9b08132,1.77e-05,NASICON,2.853825137,20.9510929,1.109672131,5.0,0.071038251,1.049159727,0.856755,5.0,0.314285714,0.108333333,47.87,6.94,0.0,91.5,18.3
297.6591612,0.26,Li6PS5Cl,10.1021/acsenergylett.4c01444,0.001179634,Argyrodite,1.856153846,20.64692308,1.231538462,4.0,0.461538462,1.118968867,0.69516213,4.0,0.239130435,1.0,35.45,6.94,0.0,52.0,13.0
297.7634037,0.376850763,Li6.5La3Zr1.5Ta0.5O12,10.20517/energymater.2024.201,0.000522799,Garnet,2.284893617,37.49553191,1.116170213,5.0,0.276595745,1.218998086,1.379576,5.0,0.457142857,0.541666667,180.95,6.94,0.0,117.5,23.5
297.764385,0.363028032,LiTi0.5Zr1.5(PO4)3,10.1016/j.jeurceramsoc.2007.02.118,6.19e-06,LISICON,2.866388889,25.14527778,1.125833333,5.0,0.055555556,1.036130606,0.802725208,4.0,0.314285714,0.083333333,91.22,6.94,0.0,90.0,18.0
297.8329164,0.271596543, Li6.6La3Zr1.6Sb0.4O12,10.1016/j.jpcs.2021.110092,7.21e-05,Garnet,2.287966102,35.98262712,1.117033898,5.0,0.279661017,1.214006633,1.359336,5.0,0.514285714,0.55,138.91,6.94,0.0,118.0,23.6
297.8443948,0.680871841,Li6.5La3Zr1.5Ta0.5O12,10.20517/energymater.2024.201,3.29e-06,Garnet,2.284893617,37.49553191,1.116170213,5.0,0.276595745,1.218998086,1.379576,5.0,0.457142857,0.541666667,180.95,6.94,0.0,117.5,23.5
297.8453739,0.265556404,Li6PS5Cl,10.1039/d1ta03343c,0.003657865,Argyrodite,1.856153846,20.64692308,1.231538462,4.0,0.461538462,1.118968867,0.69516213,4.0,0.239130435,1.0,35.45,6.94,0.0,52.0,13.0
297.8469889,0.378417639,Li6.5La3Zr1.5Ta0.5O12 ,10.1016/j.nanoen.2023.108416,0.162415242,Garnet,2.284893617,37.49553191,1.116170213,5.0,0.276595745,1.218998086,1.379576,5.0,0.457142857,0.541666667,180.95,6.94,0.0,117.5,23.5
297.8504643,0.18671232,Li10SnP2S12,10.34133/energymatadv.0065,0.004361632,Sulfide,1.884,25.3956,1.25,4.0,0.4,1.049634821,0.567128,4.0,0.239130435,0.833333333,118.71,6.94,0.0,100.0,25.0
297.8635594,0.189248742,Li10SnP2S12,10.34133/energymatadv.0065,0.004443283,Sulfide,1.884,25.3956,1.25,4.0,0.4,1.049634821,0.567128,4.0,0.239130435,0.833333333,118.71,6.94,0.0,100.0,25.0
297.8851138,0.369031997,Li1.3Al0.3Ti1.7(PO4)3 ,10.1021/acsami.9b08132,7.23e-05,NASICON,2.853825137,20.9510929,1.109672131,5.0,0.071038251,1.049159727,0.856755,5.0,0.314285714,0.108333333,47.87,6.94,0.0,91.5,18.3
297.8981385,0.353507373,Li6.5La3Zr1.5Ta0.5O12,10.20517/energymater.2024.201,0.000347109,Garnet,2.284893617,37.49553191,1.116170213,5.0,0.276595745,1.218998086,1.379576,5.0,0.457142857,0.541666667,180.95,6.94,0.0,117.5,23.5
297.9013099,0.214552051,Li6PS5Cl,10.1021/acsaem.4c00341,0.000136831,Argyrodite,1.856153846,20.64692308,1.231538462,4.0,0.461538462,1.118968867,0.69516213,4.0,0.239130435,1.0,35.45,6.94,0.0,52.0,13.0
297.9103673,0.333350676,Li7La3Zr2O12,10.1007/s10853-020-05221-1,2.77e-05,Garnet,2.254166667,34.98958333,1.110416667,4.0,0.291666667,1.172954578,1.414307639,4.0,0.514285714,0.583333333,138.91,6.94,0.0,96.0,24.0
297.9127135,0.337225798,Li6PS5Br,10.1021/jacs.3c12323,0.111778884,Argyrodite,1.840769231,24.06615385,1.243076923,4.0,0.461538462,1.118968867,0.657884024,4.0,0.224489796,1.0,79.9,6.94,0.0,52.0,13.0
297.9310401,0.456755701,LiTa2PO8,10.1039/C8TA09170F,0.00011499,LTPO,2.8075,43.98416667,1.14,4.0,0.083333333,0.983087759,0.86171875,4.0,0.314285714,0.125,180.95,6.94,0.0,48.0,12.0
297.9742792,0.282411075,Li11AlP2S12,10.1039/C6CC02131J,0.000875674,Thio-LISICON,1.835769231,21.15769231,1.225384615,4.0,0.423076923,1.043403378,0.577085947,4.0,0.239130435,0.916666667,32.07,6.94,0.0,104.0,26.0
297.9843038,0.37322698,Li6.5La3Zr1.5Ta0.5O12,10.20517/energymater.2024.201,0.000439279,Garnet,2.284893617,37.49553191,1.116170213,5.0,0.276595745,1.218998086,1.379576,5.0,0.457142857,0.541666667,180.95,6.94,0.0,117.5,23.5
297.9927173,0.209371628,Li6PS5Cl,10.1021/acsaem.4c00341,0.002495253,Argyrodite,1.856153846,20.64692308,1.231538462,4.0,0.461538462,1.118968867,0.69516213,4.0,0.239130435,1.0,35.45,6.94,0.0,52.0,13.0
298.0013052,0.187113702,Li1.3Al0.15Y0.15Ti1.7(PO4)3,10.1016/j.jallcom.2018.12.183,0.000428419,NASICON,2.850628415,21.45871585,1.112622951,6.0,0.071038251,1.060522795,0.918679365,6.0,0.314285714,0.108333333,88.91,6.94,0.0,109.8,18.3
298.013245,0.245572686,Li10Ge0.95Si0.05P2S12,10.1016/j.jpowsour.2014.07.159,0.009109118,LGPS,1.88578,23.46332,1.24334,5.0,0.4,1.057575431,0.545707249,4.0,0.217391304,0.833333333,72.63,6.94,0.0,125.0,25.0
298.0191616,0.273543867,Li6PS5Cl,10.1039/d1ta03343c,0.00362714,Argyrodite,1.856153846,20.64692308,1.231538462,4.0,0.461538462,1.118968867,0.69516213,4.0,0.239130435,1.0,35.45,6.94,0.0,52.0,13.0
298.0224035,0.343622603,Li7P3S11,10.1039/c6ta10142a,0.002607616,Sulfide,1.990952381,23.53619048,1.28,3.0,0.333333333,0.982900728,0.528084807,3.0,0.239130435,0.636363636,32.07,6.94,0.0,63.0,21.0
298.027688,0.431436967,Li7La3Zr2O12,10.1007/s10853-020-05221-1,0.000104243,Garnet,2.254166667,34.98958333,1.110416667,4.0,0.291666667,1.172954578,1.414307639,4.0,0.514285714,0.583333333,138.91,6.94,0.0,96.0,24.0
298.0313525,0.166124229,Li7P3S11  ,10.1016/j.electacta.2016.09.155,0.02008,Sulfide,1.990952381,23.53619048,1.28,3.0,0.333333333,0.982900728,0.528084807,3.0,0.239130435,0.636363636,32.07,6.94,0.0,63.0,21.0
298.0469435,0.29591675,Li10SiP2S12,10.1016/j.est.2025.116789,0.000703799,Sulfide,1.8816,21.7708,1.2384,4.0,0.4,1.049634821,0.56690144,4.0,0.217391304,0.833333333,32.07,6.94,0.0,100.0,25.0
298.0489961,0.273815005,LiTi2(PO4)3,10.1016/j.jcis.2025.01.276,1.59e-06,NASICON,2.883888889,21.53277778,1.116666667,4.0,0.055555556,0.973648923,0.68846821,4.0,0.314285714,0.083333333,47.87,6.94,0.0,72.0,18.0
298.0601116,0.298070824,Li10SiP2S12,10.1016/j.jallcom.2024.178055,0.000704513,LGPS,1.8816,21.7708,1.2384,4.0,0.4,1.049634821,0.56690144,4.0,0.217391304,0.833333333,32.07,6.94,0.0,100.0,25.0
298.0694267,0.538869994,Li3.9Zn0.05GeS4,10.1016/S0167-2738(00)00277-0,3.34e-07,Sulfide,1.813910615,25.83743017,1.216871508,4.0,0.43575419,0.995765333,0.51888,4.0,0.288043478,0.975,72.63,6.94,0.0,35.8,8.95
298.0708299,0.148,Li6.25PS5.25Cl0.75,10.1039/C8TA07240J,0.026254239,Argyrodite,1.828679245,20.3245283,1.223207547,4.0,0.471698113,1.078822458,0.688477333,4.0,0.239130435,1.041666667,35.45,6.94,0.0,53.0,13.25
298.0711568,0.659959971,Li2OHBr,10.1016/j.ssi.2024.116770,1.83e-06,Garnet-Halide,2.112,22.1576,1.05,4.0,0.4,1.33217904,1.010656,3.0,0.18877551,1.0,79.9,1.008,0.0,20.0,5.0
298.0755318,0.200744914,Li1.3Al0.3Ti1.7(PO4)3,10.1007/s11581-020-03781-5,0.000527578,NASICON,2.853825137,20.9510929,1.109672131,5.0,0.071038251,1.049159727,0.856755,5.0,0.314285714,0.108333333,47.87,6.94,0.0,91.5,18.3
298.0843297,0.421106153,Li6PS5Cl,10.1021/acsaem.4c01426,0.000858492,Argyrodite,1.856153846,20.64692308,1.231538462,4.0,0.461538462,1.118968867,0.69516213,4.0,0.239130435,1.0,35.45,6.94,0.0,52.0,13.0
298.0892479,0.352995002,Li6PS5Cl,10.1021/acs.nanolett.0c02489,0.002797371,Argyrodite,1.856153846,20.64692308,1.231538462,4.0,0.461538462,1.118968867,0.69516213,4.0,0.239130435,1.0,35.45,6.94,0.0,52.0,13.0
298.0918596,0.732227229,Li6PS5Cl,10.1016/j.est.2024.113723,0.000400951,Argyrodite,1.856153846,20.64692308,1.231538462,4.0,0.461538462,1.118968867,0.69516213,4.0,0.239130435,1.0,35.45,6.94,0.0,52.0,13.0
298.0994533,0.18,Li6.5La3Zr1.5Ta0.5O12,10.1039/d4ta07630c,0.000174135,Garnet,2.284893617,37.49553191,1.116170213,5.0,0.276595745,1.218998086,1.379576,5.0,0.457142857,0.541666667,180.95,6.94,0.0,117.5,23.5
298.1370667,0.306461972,Li4SnS4,10.1021/cm3011315,6.93e-05,Thio-LISICON,1.8,30.52777778,1.232222222,3.0,0.444444444,0.964962923,0.572088889,3.0,0.375,1.0,118.71,6.94,0.0,27.0,9.0
298.1460008,0.374489068,Li3N ,10.1038/s41565-024-01813-z,0.001865367,Nitride,1.495,8.7075,0.6025,2.0,0.75,0.562335145,0.795675,2.0,0.171052632,0.0,14.01,6.94,0.0,8.0,4.0
298.1493674,0.368993426,Li3N,10.1038/s41565-024-01813-z,0.002267249,Nitride,1.495,8.7075,0.6025,2.0,0.75,0.562335145,0.795675,2.0,0.171052632,0.0,14.01,6.94,0.0,8.0,4.0
298.1539222,0.287053049,LiZr2(PO4)3,10.1073/pnas.1615912113,2.59e-05,NASICON,2.860555556,26.34944444,1.128888889,4.0,0.055555556,0.973648923,0.75553858,4.0,0.314285714,0.083333333,91.22,6.94,0.0,72.0,18.0
298.1647957,0.422581822,Li6La3ZrTaO12,10.1039/C2JM31413D,0.000157056,Garnet,2.316956522,40.11043478,1.122173913,5.0,0.260869565,1.228308413,1.38886465,5.0,0.457142857,0.5,180.95,6.94,0.0,115.0,23.0
298.1778023,0.304042147,Li7La3Zr2O12,10.1039/C9TA00417C,0.000410013,Garnet,2.254166667,34.98958333,1.110416667,4.0,0.291666667,1.172954578,1.414307639,4.0,0.514285714,0.583333333,138.91,6.94,0.0,96.0,24.0
298.1778023,0.372581054,Li6.75La3Zr1.75Ta0.25O12 ,10.1039/C9TA00417C,0.000481521,Garnet,2.269368421,36.22936842,1.113263158,5.0,0.284210526,1.203924315,1.379576,5.0,0.457142857,0.5625,180.95,6.94,0.0,118.75,23.75
298.180138,0.374504316,Li1.4Al0.4Ge1.6(PO4)3,10.1016/j.ssi.2020.115454,0.002679072,NASICON,2.884891304,22.91445652,1.100434783,5.0,0.076086957,1.066086137,0.765246,5.0,0.314285714,0.116666667,72.63,6.94,0.0,92.0,18.4
298.1826834,0.51469089,Li2OHCl,10.1115/1.4048860,9.73e-06,Hydride,2.152,13.2676,1.02,4.0,0.4,1.33217904,1.084896,3.0,0.20441989,1.0,35.45,1.008,0.0,20.0,5.0
298.2064704,0.050409103,Li7La3Zr2O12,10.1016/j.ssi.2024.116765,1.1e-05,Garnet,2.254166667,34.98958333,1.110416667,4.0,0.291666667,1.172954578,1.414307639,4.0,0.514285714,0.583333333,138.91,6.94,0.0,96.0,24.0
298.2172572,0.513794574,Li2Ca(NH)2,10.1039/C2CP23636B,6.99e-06,Hydride,1.92,11.99942857,0.502857143,4.0,0.285714286,1.351783994,0.754171429,3.0,0.13,0.0,40.08,1.008,0.0,28.0,7.0
298.2446945,0.534900892,LiTa2PO8,10.1016/j.ssi.2020.115314,0.000484105,NASICON,2.8075,43.98416667,1.14,4.0,0.083333333,0.983087759,0.86171875,4.0,0.314285714,0.125,180.95,6.94,0.0,48.0,12.0
298.2502651,0.657451389,Li2SnS3,10.1021/cm5037524,1.29e-05,Sulfide,1.943333333,38.13333333,1.288333333,3.0,0.333333333,1.011404265,0.512055556,3.0,0.375,0.666666667,118.71,6.94,0.0,18.0,6.0
298.2576276,0.108627,LiTi2(PO4)3,10.1149/1945-7111/ab6556,2.14e-06,NASICON,2.883888889,21.53277778,1.116666667,4.0,0.055555556,0.973648923,0.68846821,4.0,0.314285714,0.083333333,47.87,6.94,0.0,72.0,18.0
298.2702197,0.291833181,Li7La3Zr2O12,10.1016/j.elecom.2011.08.014,0.000298614,Garnet,2.254166667,34.98958333,1.110416667,4.0,0.291666667,1.172954578,1.414307639,4.0,0.514285714,0.583333333,138.91,6.94,0.0,96.0,24.0
298.2866856,0.373516207,Li3N ,10.1038/s41565-024-01813-z,0.002166325,Nitride,1.495,8.7075,0.6025,2.0,0.75,0.562335145,0.795675,2.0,0.171052632,0.0,14.01,6.94,0.0,8.0,4.0
298.2995043,0.451285033,Li7La3Zr2O12,10.1021/acsaem.0c02439,0.000268694,Garnet,2.254166667,34.98958333,1.110416667,4.0,0.291666667,1.172954578,1.414307639,4.0,0.514285714,0.583333333,138.91,6.94,0.0,96.0,24.0
298.3304903,0.55931842,Li4GeS4,10.1016/S0167-2738(00)00277-0,2.14e-07,Thio-LISICON,1.805555556,25.40777778,1.214444444,3.0,0.444444444,0.964962923,0.57411358,3.0,0.288043478,1.0,72.63,6.94,0.0,27.0,9.0
298.3313781,0.350044863,Li4SnS4,10.1021/acs.energyfuels.3c04605,7.26e-05,Sulfide,1.8,30.52777778,1.232222222,3.0,0.444444444,0.964962923,0.572088889,3.0,0.375,1.0,118.71,6.94,0.0,27.0,9.0
298.3450193,0.385452297,Li3N,10.1038/s41565-024-01813-z,2.13e-05,Nitride,1.495,8.7075,0.6025,2.0,0.75,0.562335145,0.795675,2.0,0.171052632,0.0,14.01,6.94,0.0,8.0,4.0
298.3621062,0.368839239,LiTi2(PO4)3,10.1016/j.jcis.2025.01.276,4.8e-07,NASICON,2.883888889,21.53277778,1.116666667,4.0,0.055555556,0.973648923,0.68846821,4.0,0.314285714,0.083333333,47.87,6.94,0.0,72.0,18.0
298.374269,0.262530494,LiTa2PO8,10.1111/jace.20354,0.00013835,Garnet,2.8075,43.98416667,1.14,4.0,0.083333333,0.983087759,0.86171875,4.0,0.314285714,0.125,180.95,6.94,0.0,48.0,12.0
298.4000188,0.396575942,Li6.7La3Zr1.7Ta0.3O12,10.1149/2.024205esl,0.000734635,Garnet,2.272447257,36.48046414,1.113839662,5.0,0.282700422,1.207681239,1.379576,5.0,0.457142857,0.558333333,180.95,6.94,0.0,118.5,23.7
298.4231419,0.48467761,Li7La3Zr2O12,10.1021/acsenergylett.8b00453,5.35e-05,Garnet,2.254166667,34.98958333,1.110416667,4.0,0.291666667,1.172954578,1.414307639,4.0,0.514285714,0.583333333,138.91,6.94,0.0,96.0,24.0
298.453418,0.300710355,LiTi2(PO4)3,10.1016/j.jcis.2025.01.276,7.8e-07,NASICON,2.883888889,21.53277778,1.116666667,4.0,0.055555556,0.973648923,0.68846821,4.0,0.314285714,0.083333333,47.87,6.94,0.0,72.0,18.0
298.4935991,0.247532247, Li6.6La3Zr1.6Sb0.4O12,10.1016/j.jpcs.2021.110092,0.000180717,Garnet,2.287966102,35.98262712,1.117033898,5.0,0.279661017,1.214006633,1.359336,5.0,0.514285714,0.55,138.91,6.94,0.0,118.0,23.6
298.562367,0.279928292, Li6.6La3Zr1.6Sb0.4O12,10.1016/j.jpcs.2021.110092,3.73e-05,Garnet,2.287966102,35.98262712,1.117033898,5.0,0.279661017,1.214006633,1.359336,5.0,0.514285714,0.55,138.91,6.94,0.0,118.0,23.6
298.8311932,0.239591676, Li6.6La3Zr1.6Sb0.4O12,10.1016/j.jpcs.2021.110092,0.00024843,Garnet,2.287966102,35.98262712,1.117033898,5.0,0.279661017,1.214006633,1.359336,5.0,0.514285714,0.55,138.91,6.94,0.0,118.0,23.6
298.8348429,0.632581028,Li4Nd3TeSbO12,10.1021/cm703677q,6.85e-09,Garnet,2.512857143,42.9447619,1.226190476,5.0,0.19047619,1.203575099,1.226315646,4.0,0.343891403,0.333333333,144.24,6.94,0.0,105.0,21.0
298.845567,0.552523257,Li9SiAlO8,10.1002/anie.200701144,2.68e-07,Perovskite,2.097368421,12.92263158,0.998947368,4.0,0.473684211,1.028094057,1.364966759,4.0,0.285714286,1.125,28.09,6.94,0.0,76.0,19.0
298.8726547,0.492989497,Li6.5La3Zr1.5Ta0.5O12,10.1016/j.jpowsour.201,2.02e-06,Garnet,2.284893617,37.49553191,1.116170213,5.0,0.276595745,1.218998086,1.379576,5.0,0.457142857,0.541666667,180.95,6.94,0.0,117.5,23.5
298.925959,0.210333298,Li7P3S11,10.2109/jcersj2.118.305,0.003461465,LGPS,1.990952381,23.53619048,1.28,3.0,0.333333333,0.982900728,0.528084807,3.0,0.239130435,0.636363636,32.07,6.94,0.0,63.0,21.0
299.047619,0.357639492,Li6PS5Br,10.1021/jacs.3c12323,0.061577268,Argyrodite,1.840769231,24.06615385,1.243076923,4.0,0.461538462,1.118968867,0.657884024,4.0,0.224489796,1.0,79.9,6.94,0.0,52.0,13.0
299.2652366,0.291569029,Li3PS4,10.1016/j.electacta.2024.145382,4.71e-06,Sulfide,1.93125,22.50875,1.26,3.0,0.375,0.974314753,0.558135938,3.0,0.239130435,0.75,32.07,6.94,0.0,24.0,8.0
299.3424405,0.271023413,Li1.4Al0.4Ti1.6(PO4)3,10.1016/j.ssi.2024.116460,0.000342023,NASICON,2.844021739,20.76141304,1.107391304,5.0,0.076086957,1.066086137,0.856755,5.0,0.314285714,0.116666667,47.87,6.94,0.0,92.0,18.4
299.3440723,0.273191477,Li10GeP2S12,10.1038/nmat3066,0.012317967,LGPS,1.886,23.5524,1.2436,4.0,0.4,1.049634821,0.567528,4.0,0.239130435,0.833333333,72.63,6.94,0.0,100.0,25.0
299.3922338,0.26430198,Li9.54Si1.74P1.44S11.7Cl0.3,10.1002/chem.201703116,0.026847262,LGPS,1.898980583,22.06856796,1.239927184,5.0,0.38592233,1.127424459,0.583144307,5.0,0.217391304,0.795,35.45,6.94,0.0,123.6,24.72
299.4483846,0.331872587,Li1.2Ti1.8Sc0.2(PO4)3,10.1021/acs.inorgchem.6b02274,9.44e-05,NASICON,2.860989011,21.34043956,1.114945055,5.0,0.065934066,1.02946385,0.88759875,5.0,0.314285714,0.1,47.87,6.94,0.0,91.0,18.2
299.4585644,0.158544034,Li1.3Al0.2Sc0.1Ti1.7(PO4)3,10.1016/j.ssi.2012.03.045,0.008093012,LISICON,2.852459016,21.04934426,1.111147541,6.0,0.071038251,1.059594385,0.900457143,6.0,0.314285714,0.108333333,47.87,6.94,0.0,109.8,18.3
299.6183206,0.353541691,Li6PS5Br,10.1021/jacs.3c12323,0.063406513,Argyrodite,1.840769231,24.06615385,1.243076923,4.0,0.461538462,1.118968867,0.657884024,4.0,0.224489796,1.0,79.9,6.94,0.0,52.0,13.0
299.8933587,0.359134091,Li1.3Al0.1Sc0.2Ti1.7(PO4)3,10.1016/j.ssi.2012.03.045,8.38e-05,LISICON,2.851092896,21.14759563,1.112622951,6.0,0.071038251,1.059594385,0.900457143,6.0,0.314285714,0.108333333,47.87,6.94,0.0,109.8,18.3
299.8933587,0.357042457,Li1.3Sc0.3Ti1.7(PO4)3,10.1016/j.ssi.2012.03.045,8.38e-05,LISICON,2.849726776,21.24584699,1.114098361,5.0,0.071038251,1.049159727,0.88759875,5.0,0.314285714,0.108333333,47.87,6.94,0.0,91.5,18.3
300.1078564,0.279405459,Li10GeP2S12,10.1016/j.ceramint.2024.11.447,0.000797994,Thio-LISICON,1.886,23.5524,1.2436,4.0,0.4,1.049634821,0.567528,4.0,0.239130435,0.833333333,72.63,6.94,0.0,100.0,25.0
300.1149846,0.246179591,Li7P3S11,10.3389/fenrg.2021.640777,0.001237856,Sulfide,1.990952381,23.53619048,1.28,3.0,0.333333333,0.982900728,0.528084807,3.0,0.239130435,0.636363636,32.07,6.94,0.0,63.0,21.0
300.1912046,0.3536177,Li6PS5Br,10.1021/jacs.3c12323,0.023333347,Argyrodite,1.840769231,24.06615385,1.243076923,4.0,0.461538462,1.118968867,0.657884024,4.0,0.224489796,1.0,79.9,6.94,0.0,52.0,13.0
300.5746988,0.326196339,Li3.4Si0.4P0.6S4,10.1006/jssc.2002.9701,0.001372113,LISICON,1.872142857,21.6302381,1.234285714,4.0,0.404761905,1.052874296,0.527441,4.0,0.217391304,0.85,32.07,6.94,0.0,33.6,8.4
300.8917361,0.554315172,Li3PO4,10.1007/s12034-008-0108-z,2.11e-06,LiPON,2.36125,14.47375,1.04,3.0,0.375,0.974314753,1.300960938,3.0,0.314285714,0.75,30.97,6.94,0.0,24.0,8.0
300.9621839,0.185382704,Li6.25P0.75Si0.25S5Br,10.1039/C7TA08581H,0.001411686,Argyrodite,1.819056604,23.68867925,1.233207547,5.0,0.471698113,1.154677661,0.616939556,5.0,0.204081633,1.041666667,79.9,6.94,0.0,66.25,13.25
301.2174643,0.82,Li7La3Zr2O12,10.1016/j.jallcom.2024.173554,1.07e-09,Garnet,2.254166667,34.98958333,1.110416667,4.0,0.291666667,1.172954578,1.414307639,4.0,0.514285714,0.583333333,138.91,6.94,0.0,96.0,24.0
301.4636058,0.487432722,Li5.5La3Nb1.75In0.25O12,10.1016/j.jssc.2005.12.025,3.99e-05,Garnet,2.365111111,37.25322222,1.128444444,5.0,0.244444444,1.196911522,1.3174,5.0,0.457142857,0.458333333,138.91,6.94,0.0,112.5,22.5
301.4731072,0.318574549,Li7La3Hf2O12,10.1007/s11581-010-0486-2,0.000270795,Garnet,2.251666667,42.26208333,1.10875,4.0,0.291666667,1.172954578,1.418997222,4.0,0.5,0.583333333,178.49,6.94,0.0,96.0,24.0
301.5172347,0.598385767,LiI,10.1016/0167-2738(81)90020-5,2.51e-08,Halide,1.82,66.92,1.48,2.0,0.5,0.693147181,0.7056,2.0,0.345454545,1.0,126.9,6.94,0.0,4.0,2.0
301.8703889,0.603394637,Li3.8Ge0.8P0.2O4,10.1021/acs.chemmater.8b01504,1.26e-06,LISICON,2.219318182,17.57613636,1.022727273,4.0,0.431818182,1.025004099,1.213876,4.0,0.314285714,0.95,72.63,6.94,0.0,35.2,8.8
302.23703,0.248712286,Li7P3S11,10.1021/acssuschemeng.0c03634,0.000427213,Thiophosphate,1.990952381,23.53619048,1.28,3.0,0.333333333,0.982900728,0.528084807,3.0,0.239130435,0.636363636,32.07,6.94,0.0,63.0,21.0
302.2470796,0.599847803,Li0.34La0.51TiO2.94,10.1002/celc.201600639,1.61e-05,Perovskite,2.619582463,35.09680585,1.150250522,4.0,0.070981211,1.052893008,1.275922222,4.0,0.435714286,0.115646259,138.91,6.94,0.0,19.16,4.79
302.2836932,0.26551004,Li10SnP2S12,10.1002/celc.202200156,0.001135304,Thio-LISICON,1.884,25.3956,1.25,4.0,0.4,1.049634821,0.567128,4.0,0.239130435,0.833333333,118.71,6.94,0.0,100.0,25.0
302.542344,0.355738735,Li4SiS4,10.1021/acs.chemmater.4c01089,9.16e-07,Thio-LISICON,1.793333333,20.45888889,1.2,3.0,0.444444444,0.964962923,0.570311111,3.0,0.217391304,1.0,32.07,6.94,0.0,27.0,9.0
302.5435074,0.436339068,Li1.5Al0.5Ge1.5(PO4)3,10.1021/acsami.3c03839,0.000205918,NASICON,2.872432432,22.58135135,1.098648649,5.0,0.081081081,1.080768657,0.765246,5.0,0.314285714,0.125,72.63,6.94,0.0,92.5,18.5
302.6167268,0.539804446,Li3PO4,10.1007/s12034-008-0108-z ,1.83e-06,LIPON,2.36125,14.47375,1.04,3.0,0.375,0.974314753,1.300960938,3.0,0.314285714,0.75,30.97,6.94,0.0,24.0,8.0
302.6574913,0.361200118,Li7Ge3PS12,10.1016/j.jssc.2016.12.001,0.000113539,Argyrodite,2.00173913,29.66434783,1.279565217,4.0,0.304347826,1.103490403,0.493736106,4.0,0.239130435,0.583333333,72.63,6.94,0.0,92.0,23.0
302.7303248,0.352995002,Li6PS5Cl,10.1021/acs.nanolett.0c02489,0.002799561,Argyrodite,1.856153846,20.64692308,1.231538462,4.0,0.461538462,1.118968867,0.69516213,4.0,0.239130435,1.0,35.45,6.94,0.0,52.0,13.0
302.7321366,0.219016824,Li1.3Al0.3Ti1.7(PO4)3 ,10.1016/j.ssi.2024.116528,0.000169528,NASICON,2.853825137,20.9510929,1.109672131,5.0,0.071038251,1.049159727,0.856755,5.0,0.314285714,0.108333333,47.87,6.94,0.0,91.5,18.3
302.7361494,0.27465378,Li1.3Al0.3Ti1.7(PO4)3 ,10.1016/j.ssi.2024.116528,0.000135476,NASICON,2.853825137,20.9510929,1.109672131,5.0,0.071038251,1.049159727,0.856755,5.0,0.314285714,0.108333333,47.87,6.94,0.0,91.5,18.3
302.7540542,0.233645133,Li1.3Al0.3Ti1.7(PO4)3,10.1016/j.ssi.2024.116528,4.98e-05,NASICON,2.853825137,20.9510929,1.109672131,5.0,0.071038251,1.049159727,0.856755,5.0,0.314285714,0.108333333,47.87,6.94,0.0,91.5,18.3
302.7643572,0.26,Li6PS5Cl,10.1021/acsenergylett.4c01444,0.001506645,Argyrodite,1.856153846,20.64692308,1.231538462,4.0,0.461538462,1.118968867,0.69516213,4.0,0.239130435,1.0,35.45,6.94,0.0,52.0,13.0
302.7721282,0.288766507,Li10SnP2S12,10.1016/j.est.2024.114505,0.002027144,Thio-LISICON,1.884,25.3956,1.25,4.0,0.4,1.049634821,0.567128,4.0,0.239130435,0.833333333,118.71,6.94,0.0,100.0,25.0
302.812507,0.443338432,Li7La3Zr2O12 ,10.1021/acsami.2c21133,0.000917421,Garnet,2.254166667,34.98958333,1.110416667,4.0,0.291666667,1.172954578,1.414307639,4.0,0.514285714,0.583333333,138.91,6.94,0.0,96.0,24.0
302.820135,0.257237023,Li1.3Al0.3Ti1.7(PO4)3,10.1016/j.ssi.2024.116528,0.000124278,NASICON,2.853825137,20.9510929,1.109672131,5.0,0.071038251,1.049159727,0.856755,5.0,0.314285714,0.108333333,47.87,6.94,0.0,91.5,18.3
302.8406754,0.217834982,Li1.3Al0.3Ti1.7(PO4)3 ,10.1016/j.ssi.2024.116528,3.95e-05,NASICON,2.853825137,20.9510929,1.109672131,5.0,0.071038251,1.049159727,0.856755,5.0,0.314285714,0.108333333,47.87,6.94,0.0,91.5,18.3
302.8421448,0.680871841,Li6.5La3Zr1.5Ta0.5O12,10.20517/energymater.2024.201,5.22e-06,Garnet,2.284893617,37.49553191,1.116170213,5.0,0.276595745,1.218998086,1.379576,5.0,0.457142857,0.541666667,180.95,6.94,0.0,117.5,23.5
302.8446211,0.383367658,Li6.75La3Zr1.75Nb0.25O12,10.1016/j.jeurceramsoc.2018.08.037,3.16e-05,Garnet,2.270421053,35.30263158,1.113263158,5.0,0.284210526,1.203924315,1.374168,5.0,0.457142857,0.5625,138.91,6.94,0.0,118.75,23.75
302.852105,0.252685684,Li1.3Al0.3Ti1.7(PO4)3,10.1016/j.ssi.2024.116528,2.09e-05,NASICON,2.853825137,20.9510929,1.109672131,5.0,0.071038251,1.049159727,0.856755,5.0,0.314285714,0.108333333,47.87,6.94,0.0,91.5,18.3
302.8523724,0.37322698,Li6.5La3Zr1.5Ta0.5O12,10.20517/energymater.2024.201,0.000544655,Garnet,2.284893617,37.49553191,1.116170213,5.0,0.276595745,1.218998086,1.379576,5.0,0.457142857,0.541666667,180.95,6.94,0.0,117.5,23.5
302.8844001,0.318538459,Li6PS5Cl,10.1016/j.jpowsour.2024.235865,0.003743253,Argyrodite,1.856153846,20.64692308,1.231538462,4.0,0.461538462,1.118968867,0.69516213,4.0,0.239130435,1.0,35.45,6.94,0.0,52.0,13.0
302.9186922,0.256684809,Li1.3Al0.3Ti1.7(PO4)3 ,10.1016/j.ssi.2024.116528,5.07e-05,NASICON,2.853825137,20.9510929,1.109672131,5.0,0.071038251,1.049159727,0.856755,5.0,0.314285714,0.108333333,47.87,6.94,0.0,91.5,18.3
302.9207811,0.338837532,Li6PS5Cl,10.2139/ssrn.5318825,0.00286527,Argyrodite,1.856153846,20.64692308,1.231538462,4.0,0.461538462,1.118968867,0.69516213,4.0,0.239130435,1.0,35.45,6.94,0.0,52.0,13.0
302.9265325,0.343323486,Li1.3Al0.3Ti1.7(PO4)3 ,10.1016/j.cej.2023.148436,5.26e-05,NASICON,2.853825137,20.9510929,1.109672131,5.0,0.071038251,1.049159727,0.856755,5.0,0.314285714,0.108333333,47.87,6.94,0.0,91.5,18.3
302.9415829,0.376850763,Li6.5La3Zr1.5Ta0.5O12,10.20517/energymater.2024.201,0.000675308,Garnet,2.284893617,37.49553191,1.116170213,5.0,0.276595745,1.218998086,1.379576,5.0,0.457142857,0.541666667,180.95,6.94,0.0,117.5,23.5
302.9566793,0.246005122,Li7P3S11,10.1007/s12274-024-6871-3,0.001725779,Sulfide,1.990952381,23.53619048,1.28,3.0,0.333333333,0.982900728,0.528084807,3.0,0.239130435,0.636363636,32.07,6.94,0.0,63.0,21.0
302.9696266,0.396985109,Li6PS5Cl,10.1021/acsaem.5c00020,3.677807235,Argyrodite,1.856153846,20.64692308,1.231538462,4.0,0.461538462,1.118968867,0.69516213,4.0,0.239130435,1.0,35.45,6.94,0.0,52.0,13.0
302.9738649,0.438571139,Li7P3S11,10.1016/j.materresbull.2024.113179,0.000300276,Sulfide,1.990952381,23.53619048,1.28,3.0,0.333333333,0.982900728,0.528084807,3.0,0.239130435,0.636363636,32.07,6.94,0.0,63.0,21.0
302.9793653,0.732227229,Li6PS5Cl,10.1039/D3TA07453F,0.002702399,Argyrodite,1.856153846,20.64692308,1.231538462,4.0,0.461538462,1.118968867,0.69516213,4.0,0.239130435,1.0,35.45,6.94,0.0,52.0,13.0
302.9827316,0.357347274,Li3PS4,10.1016/j.jpowsour.2018.04.021,0.000285812,Sulfide,1.93125,22.50875,1.26,3.0,0.375,0.974314753,0.558135938,3.0,0.239130435,0.75,32.07,6.94,0.0,24.0,8.0
302.9912877,0.353507373,Li6.5La3Zr1.5Ta0.5O12,10.20517/energymater.2024.201,0.000384533,Garnet,2.284893617,37.49553191,1.116170213,5.0,0.276595745,1.218998086,1.379576,5.0,0.457142857,0.541666667,180.95,6.94,0.0,117.5,23.5
303.0035337,0.271388234,Li1.3Al0.3Ti1.7(PO4)3,10.1016/j.cej.2023.148436,0.000122931,NASICON,2.853825137,20.9510929,1.109672131,5.0,0.071038251,1.049159727,0.856755,5.0,0.314285714,0.108333333,47.87,6.94,0.0,91.5,18.3
303.0060261,0.233512433,Li1.3Al0.3Ti1.7(PO4)3 ,10.1016/j.ssi.2024.116528,3.88e-05,NASICON,2.853825137,20.9510929,1.109672131,5.0,0.071038251,1.049159727,0.856755,5.0,0.314285714,0.108333333,47.87,6.94,0.0,91.5,18.3
303.0167638,0.412458082,Li6PS5Cl,10.2139/ssrn.5318825,0.000461512,Argyrodite,1.856153846,20.64692308,1.231538462,4.0,0.461538462,1.118968867,0.69516213,4.0,0.239130435,1.0,35.45,6.94,0.0,52.0,13.0
303.0187016,0.252447978,Li9.54Si1.74P1.44S11.7Cl0.3,10.1021/acssuschemeng.9b01937,0.000703905,Sulfide,1.898980583,22.06856796,1.239927184,5.0,0.38592233,1.127424459,0.583144307,5.0,0.217391304,0.795,35.45,6.94,0.0,123.6,24.72
303.0214053,0.164172773,Li7La3Zr2O12,10.1021/acs.chemmater.3c01658,6.06e-05,Garnet,2.254166667,34.98958333,1.110416667,4.0,0.291666667,1.172954578,1.414307639,4.0,0.514285714,0.583333333,138.91,6.94,0.0,96.0,24.0
303.022654,0.266603966,Li9.54Si1.74P1.44S11.7Cl0.3,10.1021/acssuschemeng.9b01937,0.000864302,Sulfide,1.898980583,22.06856796,1.239927184,5.0,0.38592233,1.127424459,0.583144307,5.0,0.217391304,0.795,35.45,6.94,0.0,123.6,24.72
303.0247935,0.200744914,Li1.3Al0.3Ti1.7(PO4)3,10.1016/j.ssi.2016.07.010,0.000184463,NASICON,2.853825137,20.9510929,1.109672131,5.0,0.071038251,1.049159727,0.856755,5.0,0.314285714,0.108333333,47.87,6.94,0.0,91.5,18.3
303.0275482,0.924480842,Li6PS5I,10.1002/chem.201000501,2.48e-07,Argyrodite,1.817692308,27.68153846,1.261538462,4.0,0.461538462,1.118968867,0.612617751,4.0,0.2,1.0,126.9,6.94,0.0,52.0,13.0
303.030303,0.304042147,Li7La3Zr2O12,10.1039/C9TA00417C,0.000603021,Garnet,2.254166667,34.98958333,1.110416667,4.0,0.291666667,1.172954578,1.414307639,4.0,0.514285714,0.583333333,138.91,6.94,0.0,96.0,24.0
303.0341044,0.409194169,Li7La3Zr2O12,10.1007/s10008-025-06387-x,1.63e-05,Garnet,2.254166667,34.98958333,1.110416667,4.0,0.291666667,1.172954578,1.414307639,4.0,0.514285714,0.583333333,138.91,6.94,0.0,96.0,24.0
303.0390687,0.450831896,Li4.4Al0.4Sn0.6S4,10.1021/acs.chemmater.8b03175,4.51e-06,Sulfide,1.750212766,25.6206383,1.205744681,4.0,0.468085106,1.028877162,0.52405124,4.0,0.293478261,1.1,118.71,6.94,0.0,37.6,9.4
303.0419414,0.29591675,Li10SiP2S12,10.1016/j.est.2025.116789,0.000788152,Sulfide,1.8816,21.7708,1.2384,4.0,0.4,1.049634821,0.56690144,4.0,0.217391304,0.833333333,32.07,6.94,0.0,100.0,25.0
303.0444412,0.371297222,Li1.3Al0.3Ti1.7(PO4)3 ,10.1016/j.ssi.2015.03.009,0.0009512,LISICON,2.853825137,20.9510929,1.109672131,5.0,0.071038251,1.049159727,0.856755,5.0,0.314285714,0.108333333,47.87,6.94,0.0,91.5,18.3
303.0459347,0.412608966,Li6PS5I,0.1002/ente.202401420,0.000243424,Argyrodite,1.817692308,27.68153846,1.261538462,4.0,0.461538462,1.118968867,0.612617751,4.0,0.2,1.0,126.9,6.94,0.0,52.0,13.0
303.0519706,0.451285033,Li7La3Zr2O12,10.1021/acsaem.0c02439,0.000378988,Garnet,2.254166667,34.98958333,1.110416667,4.0,0.291666667,1.172954578,1.414307639,4.0,0.514285714,0.583333333,138.91,6.94,0.0,96.0,24.0
303.0620665,0.524637205,Li7La3Zr2O12,10.1002/adfm.2024163891,3.03e-06,Garnet,2.254166667,34.98958333,1.110416667,4.0,0.291666667,1.172954578,1.414307639,4.0,0.514285714,0.583333333,138.91,6.94,0.0,96.0,24.0
303.069889,0.374504316,Li1.4Al0.4Ge1.6(PO4)3,10.1016/j.ssi.2020.115454,0.003232885,NASICON,2.884891304,22.91445652,1.100434783,5.0,0.076086957,1.066086137,0.765246,5.0,0.314285714,0.116666667,72.63,6.94,0.0,92.0,18.4
303.0863281,0.515551491,Li3.2Ge0.2P0.8O4,10.1021/acs.chemmater.8b01504,1.22e-06,LISICON,2.323170732,15.30609756,1.035365854,4.0,0.390243902,1.035005177,1.213876,4.0,0.314285714,0.8,72.63,6.94,0.0,32.8,8.2
303.0944419,0.298070824,Li10SiP2S12,10.1016/j.jallcom.2024.178055,0.00078149,LGPS,1.8816,21.7708,1.2384,4.0,0.4,1.049634821,0.56690144,4.0,0.217391304,0.833333333,32.07,6.94,0.0,100.0,25.0
303.1070584,0.331069678,Li1.3Al0.3Ti1.7(PO4)3,10.3390/ma18030609,0.000226196,NASICON,2.853825137,20.9510929,1.109672131,5.0,0.071038251,1.049159727,0.856755,5.0,0.314285714,0.108333333,47.87,6.94,0.0,91.5,18.3
303.1083676,0.50621488,Li7La3Zr2O12,10.1002/adfm.202416389,3.4e-06,Garnet,2.254166667,34.98958333,1.110416667,4.0,0.291666667,1.172954578,1.414307639,4.0,0.514285714,0.583333333,138.91,6.94,0.0,96.0,24.0
303.1110519,0.642065626,Li7P3S11,10.1007/s40843-022-2182-0,9.69e-08,Sulfide,1.990952381,23.53619048,1.28,3.0,0.333333333,0.982900728,0.528084807,3.0,0.239130435,0.636363636,32.07,6.94,0.0,63.0,21.0
303.1111348,0.509745433,Li7La3Zr2O12,10.3390/molecules30092028,9.85e-06,Garnet,2.254166667,34.98958333,1.110416667,4.0,0.291666667,1.172954578,1.414307639,4.0,0.514285714,0.583333333,138.91,6.94,0.0,96.0,24.0
303.1232719,0.922309333,LiBH4,10.1021/acssuschemeng.4c09751,1.22e-08,Hydride,1.97,3.630333333,0.418333333,3.0,0.166666667,0.867563228,0.199433333,2.0,0.355263158,0.0,10.81,1.008,0.0,18.0,6.0
303.1242819,0.282741515,Li9.54Si1.74P1.44S11.7Cl0.3,10.1021/acssuschemeng.9b01937,0.001343334,Sulfide,1.898980583,22.06856796,1.239927184,5.0,0.38592233,1.127424459,0.583144307,5.0,0.217391304,0.795,35.45,6.94,0.0,123.6,24.72
303.1262395,0.379982095,Li1.3Al0.3Ti1.7(PO4)3,10.1021/acsami.9b08132,1.15e-05,NASICON,2.853825137,20.9510929,1.109672131,5.0,0.071038251,1.049159727,0.856755,5.0,0.314285714,0.108333333,47.87,6.94,0.0,91.5,18.3
303.1295091,0.518474135,Li3.4Ge0.4P0.6O4,10.1021/acs.chemmater.8b01504,4.58e-06,LISICON,2.286904762,16.09880952,1.030952381,4.0,0.404761905,1.052874296,1.213876,4.0,0.314285714,0.85,72.63,6.94,0.0,33.6,8.4
303.1351351,0.440318962,Li7P3S11,10.1016/j.materresbull.2024.113179,0.000294478,Sulfide,1.990952381,23.53619048,1.28,3.0,0.333333333,0.982900728,0.528084807,3.0,0.239130435,0.636363636,32.07,6.94,0.0,63.0,21.0
303.1418728,0.659959971,Li2OHBr,10.1016/j.ssi.2024.116770,2.77e-06,Garnet-Halide,2.112,22.1576,1.05,4.0,0.4,1.33217904,1.010656,3.0,0.18877551,1.0,79.9,1.008,0.0,20.0,5.0
303.1640912,0.200744914,Li1.3Al0.3Ti1.7(PO4)3,10.1007/s11581-020-03781-5,0.000651331,NASICON,2.853825137,20.9510929,1.109672131,5.0,0.071038251,1.049159727,0.856755,5.0,0.314285714,0.108333333,47.87,6.94,0.0,91.5,18.3
303.1745406,0.456449645,Li3.2Ge0.2V0.8O4,10.1021/acs.chemmater.8b01504,1.76e-05,LISICON,2.268536585,17.25439024,1.04902439,4.0,0.390243902,1.035005177,1.241876,4.0,0.378571429,0.8,72.63,6.94,0.0,32.8,8.2
303.1784508,0.369031997,Li1.3Al0.3Ti1.7(PO4)3 ,10.1021/acsami.9b08132,9.36e-05,NASICON,2.853825137,20.9510929,1.109672131,5.0,0.071038251,1.049159727,0.856755,5.0,0.314285714,0.108333333,47.87,6.94,0.0,91.5,18.3
303.2056018,0.341556947,Li10SiP2S12,10.1021/acsami.2c20193,0.003454612,Thiophosphate,1.8816,21.7708,1.2384,4.0,0.4,1.049634821,0.56690144,4.0,0.217391304,0.833333333,32.07,6.94,0.0,100.0,25.0
303.2062325,0.377050142,Li2OHBr,10.1039/D2TA02598A,1.06e-06,Antiperovskite,2.112,22.1576,1.05,4.0,0.4,1.33217904,1.010656,3.0,0.18877551,1.0,79.9,1.008,0.0,20.0,5.0
303.2191969,0.289489087,Li10SnP2S12,10.1021/acs.jpcc.4c05656,0.002058372,Sulfide,1.884,25.3956,1.25,4.0,0.4,1.049634821,0.567128,4.0,0.239130435,0.833333333,118.71,6.94,0.0,100.0,25.0
303.2232633,0.460158019,Li5La3Bi2O12,10.1016/j.mseb.2007.07.009,2.87e-05,Garnet,2.432727273,48.245,1.170454545,4.0,0.227272727,1.157033336,1.290747107,4.0,0.542857143,0.416666667,208.98,6.94,0.0,88.0,22.0
303.2444328,0.686927809,Li6PS5Cl,10.1021/acsaem.5c00455,0.000103425,Argyrodite,1.856153846,20.64692308,1.231538462,4.0,0.461538462,1.118968867,0.69516213,4.0,0.239130435,1.0,35.45,6.94,0.0,52.0,13.0
303.2467457,0.379882922, Li5La3Nb2O12 ,10.1038/nmat4821,0.000325486,Garnet,2.394545455,37.69318182,1.135,4.0,0.227272727,1.157033336,1.336842975,4.0,0.457142857,0.416666667,138.91,6.94,0.0,88.0,22.0
303.2600059,0.306461972,Li4SnS4,10.1021/cm3011315,9.71e-05,Thio-LISICON,1.8,30.52777778,1.232222222,3.0,0.444444444,0.964962923,0.572088889,3.0,0.375,1.0,118.71,6.94,0.0,27.0,9.0
303.2662757,0.405584943,Li4.4Al0.4Ge0.6S4,10.1021/acs.chemmater.8b03175,4.57e-05,Sulfide,1.753404255,22.6793617,1.195531915,4.0,0.468085106,1.028877162,0.526547107,4.0,0.288043478,1.1,72.63,6.94,0.0,37.6,9.4
303.3707865,0.372581054,Li6.75La3Zr1.75Ta0.25O12 ,10.1039/C9TA00417C,0.000594328,Garnet,2.269368421,36.22936842,1.113263158,5.0,0.284210526,1.203924315,1.379576,5.0,0.457142857,0.5625,180.95,6.94,0.0,118.75,23.75
303.3722863,0.996948872,Li3N,10.1016/0375-9601(79)90846-6,1.89e-05,Nitride,1.495,8.7075,0.6025,2.0,0.75,0.562335145,0.795675,2.0,0.171052632,0.0,14.01,6.94,0.0,8.0,4.0
303.4896911,0.368698713,Li1.3Al0.3Ti1.7(PO4)3,10.1021/acsami.9b08132,0.000151456,NASICON,2.853825137,20.9510929,1.109672131,5.0,0.071038251,1.049159727,0.856755,5.0,0.314285714,0.108333333,47.87,6.94,0.0,91.5,18.3
303.5594359,0.43107042,Li1.5Al0.5Ge1.5(PO4)3,10.1021/acsami.3c03839,8.5e-05,NASICON,2.872432432,22.58135135,1.098648649,5.0,0.081081081,1.080768657,0.765246,5.0,0.314285714,0.125,72.63,6.94,0.0,92.5,18.5
303.5931787,0.35510714,Li1.3Al0.3Ti1.7(PO4)3 ,10.1021/acsami.9b08132,2.37e-05,NASICON,2.853825137,20.9510929,1.109672131,5.0,0.071038251,1.049159727,0.856755,5.0,0.314285714,0.108333333,47.87,6.94,0.0,91.5,18.3
303.76097,0.294493001,Li7La3Zr2O12,10.1016/j.ensm.2023.103053,2.29e-05,Garnet,2.254166667,34.98958333,1.110416667,4.0,0.291666667,1.172954578,1.414307639,4.0,0.514285714,0.583333333,138.91,6.94,0.0,96.0,24.0
303.7713209,0.54478954,Li3.6Ge0.6P0.4O4,10.1021/acs.chemmater.8b01504,1.11e-05,LISICON,2.252325581,16.85465116,1.026744186,4.0,0.418604651,1.049026433,1.213876,4.0,0.314285714,0.9,72.63,6.94,0.0,34.4,8.6
304.0668947,0.362862121,Li3.6Si0.6P0.4S4,10.1006/jssc.2002.9701,6.96e-05,Thio-LISICON,1.844651163,21.22162791,1.222325581,4.0,0.418604651,1.049026433,0.527441,4.0,0.217391304,0.9,32.07,6.94,0.0,34.4,8.6
304.149471,0.291569029,Li3PS4,10.1016/j.electacta.2024.145382,5.38e-06,Sulfide,1.93125,22.50875,1.26,3.0,0.375,0.974314753,0.558135938,3.0,0.239130435,0.75,32.07,6.94,0.0,24.0,8.0
304.2635659,0.3536177,Li6PS5Br,10.1021/jacs.3c12323,0.029543154,Argyrodite,1.840769231,24.06615385,1.243076923,4.0,0.461538462,1.118968867,0.657884024,4.0,0.224489796,1.0,79.9,6.94,0.0,52.0,13.0
304.2898787,0.486745715,Li3.4Ge0.4V0.6O4,10.1021/acs.chemmater.8b01504,6.21e-07,LISICON,2.246904762,17.5252381,1.040952381,4.0,0.404761905,1.052874296,1.241876,4.0,0.378571429,0.85,72.63,6.94,0.0,33.6,8.4
304.4269771,0.519109913,Li3.6Ge0.6V0.4O4,10.1021/acs.chemmater.8b01504,3.77e-05,LISICON,2.22627907,17.78348837,1.033255814,4.0,0.418604651,1.049026433,1.241876,4.0,0.378571429,0.9,72.63,6.94,0.0,34.4,8.6
304.4496686,0.378525282,Li6.5La3Zr1.75Te0.25O12,10.1016/j.jpowsour.2013.03.166,0.000943294,Garnet,2.289468085,35.97340426,1.133723404,5.0,0.276595745,1.203205321,1.358648,4.0,0.325791855,0.541666667,138.91,6.94,0.0,117.5,23.5
304.4665522,0.233322207,Li9.54Si1.74P1.44S11.7Cl0.3,10.1021/acssuschemeng.9b01937,0.000872938,LGPS,1.898980583,22.06856796,1.239927184,5.0,0.38592233,1.127424459,0.583144307,5.0,0.217391304,0.795,35.45,6.94,0.0,123.6,24.72
304.5484308,0.460735732,Li1.6Al0.6Ge1.4(PO4)3,10.1021/acsenergylett.7b00849,0.000630957,NASICON,2.860107527,22.25182796,1.09688172,5.0,0.086021505,1.093522429,0.765246,5.0,0.314285714,0.133333333,72.63,6.94,0.0,93.0,18.6
304.7444776,0.456755701,LiTa2PO8,10.1039/C8TA09170F,0.00018104,LTPO,2.8075,43.98416667,1.14,4.0,0.083333333,0.983087759,0.86171875,4.0,0.314285714,0.125,180.95,6.94,0.0,48.0,12.0
304.9124444,0.3259717,Li0.34La0.51TiO2.94,10.1016/0167-2738(94)90310-7,0.000597599,Perovskite,2.619582463,35.09680585,1.150250522,4.0,0.070981211,1.052893008,1.275922222,4.0,0.435714286,0.115646259,138.91,6.94,0.0,19.16,4.79
304.9632465,0.248712286,Li7P3S11,10.1021/acsami.2c09717,0.001568426,Thiophosphate,1.990952381,23.53619048,1.28,3.0,0.333333333,0.982900728,0.528084807,3.0,0.239130435,0.636363636,32.07,6.94,0.0,63.0,21.0
305.0218613,0.448469966,LiTi2(PO4)3,10.1007/s11581-024-05487-4,1.16e-07,NASICON,2.883888889,21.53277778,1.116666667,4.0,0.055555556,0.973648923,0.68846821,4.0,0.314285714,0.083333333,47.87,6.94,0.0,72.0,18.0
305.1503083,0.343036277,Li1.5Al0.5Ge1.5(PO4)3 ,10.1021/acs.jpcc.4c02613,0.000367176,LAGP,2.872432432,22.58135135,1.098648649,5.0,0.081081081,1.080768657,0.765246,5.0,0.314285714,0.125,72.63,6.94,0.0,92.5,18.5
305.5833127,0.25124006,Li3.25Ge0.25P0.75S4,10.1149/1.1379028,0.002627726,Thio-LISICON,1.896969697,23.29939394,1.247575758,4.0,0.393939394,1.041913681,0.530004,4.0,0.239130435,0.8125,72.63,6.94,0.0,33.0,8.25
306.0102626,0.308075933,Li3N,10.1002/celc.201600639,0.000634394,Nitride,1.495,8.7075,0.6025,2.0,0.75,0.562335145,0.795675,2.0,0.171052632,0.0,14.01,6.94,0.0,8.0,4.0
306.5021363,0.347776592,Li6PS5Br,10.1039/c9ta02126d,8.98e-05,Argyrodite,1.840769231,24.06615385,1.243076923,4.0,0.461538462,1.118968867,0.657884024,4.0,0.224489796,1.0,79.9,6.94,0.0,52.0,13.0
306.7616423,0.069806614,Li1.4Al0.4Ti1.6(PO4)3,10.1016/j.jpowsour.2010.11.140,0.000228393,NASICON,2.844021739,20.76141304,1.107391304,5.0,0.076086957,1.066086137,0.856755,5.0,0.314285714,0.116666667,47.87,6.94,0.0,92.0,18.4
306.9744597,0.51265078,Li6CaLa2Ta2O12, 10.1149/1.2800764,4.55e-07,Garnet,2.32,39.71478261,1.117391304,5.0,0.260869565,1.251058332,1.38653913,5.0,0.457142857,0.5,180.95,6.94,0.0,115.0,23.0
307.042575,0.185382704,Li6.25P0.75Si0.25S5Br,10.1039/C7TA08581H,0.001594963,Argyrodite,1.819056604,23.68867925,1.233207547,5.0,0.471698113,1.154677661,0.616939556,5.0,0.204081633,1.041666667,79.9,6.94,0.0,66.25,13.25
307.4293374,0.924480842,Li6PS5I,10.1002/chem.201000501,3.41e-07,Argyrodite,1.817692308,27.68153846,1.261538462,4.0,0.461538462,1.118968867,0.612617751,4.0,0.2,1.0,126.9,6.94,0.0,52.0,13.0
307.4463506,0.70140297,Li3.8Ge0.8V0.2O4,10.1021/acs.chemmater.8b01504,2.42e-06,LISICON,2.206590909,18.03,1.025909091,4.0,0.431818182,1.025004099,1.241876,4.0,0.378571429,0.95,72.63,6.94,0.0,35.2,8.8
307.5399571,0.326196339,Li3.4Si0.4P0.6S4,10.1006/jssc.2002.9701,0.001650479,LISICON,1.872142857,21.6302381,1.234285714,4.0,0.404761905,1.052874296,0.527441,4.0,0.217391304,0.85,32.07,6.94,0.0,33.6,8.4
307.6100814,0.350044863,Li4SnS4,10.1021/acs.energyfuels.3c04605,8.91e-05,Sulfide,1.8,30.52777778,1.232222222,3.0,0.444444444,0.964962923,0.572088889,3.0,0.375,1.0,118.71,6.94,0.0,27.0,9.0
307.6711161,0.732227229,Li6PS5Cl,10.1016/j.est.2024.113723,0.001346195,Argyrodite,1.856153846,20.64692308,1.231538462,4.0,0.461538462,1.118968867,0.69516213,4.0,0.239130435,1.0,35.45,6.94,0.0,52.0,13.0
307.7623828,0.479300608,Li6MgLa2Ta2O12, 10.1149/1.2800764,2.71e-07,Garnet,2.333478261,39.02913043,1.105217391,5.0,0.260869565,1.251058332,1.354953119,5.0,0.457142857,0.5,180.95,6.94,0.0,115.0,23.0
307.7930583,0.265556404,Li6PS5Cl,10.1039/d1ta03343c,0.005368283,Argyrodite,1.856153846,20.64692308,1.231538462,4.0,0.461538462,1.118968867,0.69516213,4.0,0.239130435,1.0,35.45,6.94,0.0,52.0,13.0
307.8351195,0.378417639,Li6.5La3Zr1.5Ta0.5O12 ,10.1016/j.nanoen.2023.108416,0.234732306,Garnet,2.284893617,37.49553191,1.116170213,5.0,0.276595745,1.218998086,1.379576,5.0,0.457142857,0.541666667,180.95,6.94,0.0,117.5,23.5
307.9929111,0.438571139,Li7P3S11,10.1016/j.materresbull.2024.113179,0.00034239,Sulfide,1.990952381,23.53619048,1.28,3.0,0.333333333,0.982900728,0.528084807,3.0,0.239130435,0.636363636,32.07,6.94,0.0,63.0,21.0
308.0577823,0.385452297,Li3N,10.1038/s41565-024-01813-z,3.27e-05,Nitride,1.495,8.7075,0.6025,2.0,0.75,0.562335145,0.795675,2.0,0.171052632,0.0,14.01,6.94,0.0,8.0,4.0
308.077198,0.343622603,Li7P3S11,10.1039/c6ta10142a,0.003071211,Sulfide,1.990952381,23.53619048,1.28,3.0,0.333333333,0.982900728,0.528084807,3.0,0.239130435,0.636363636,32.07,6.94,0.0,63.0,21.0
308.1064912,0.200744914,Li1.3Al0.3Ti1.7(PO4)3,10.1007/s11581-020-03781-5,0.000771339,NASICON,2.853825137,20.9510929,1.109672131,5.0,0.071038251,1.049159727,0.856755,5.0,0.314285714,0.108333333,47.87,6.94,0.0,91.5,18.3
308.1360236,0.401217501,Li6BaLa2Ta2O12,10.1007/s11581-013-0863-8 ,4.58e-05,Garnet,2.315217391,43.94304348,1.132608696,5.0,0.260869565,1.251058332,1.399668431,5.0,0.457142857,0.5,180.95,6.94,0.0,115.0,23.0
308.145413,0.440318962,Li7P3S11,10.1016/j.materresbull.2024.113179,0.000334019,Sulfide,1.990952381,23.53619048,1.28,3.0,0.333333333,0.982900728,0.528084807,3.0,0.239130435,0.636363636,32.07,6.94,0.0,63.0,21.0
308.1468452,0.273543867,Li6PS5Cl,10.1039/d1ta03343c,0.005142113,Argyrodite,1.856153846,20.64692308,1.231538462,4.0,0.461538462,1.118968867,0.69516213,4.0,0.239130435,1.0,35.45,6.94,0.0,52.0,13.0
308.1846603,0.379882922, Li5La3Nb2O12 ,10.1038/nmat4821,0.000431269,Garnet,2.394545455,37.69318182,1.135,4.0,0.227272727,1.157033336,1.336842975,4.0,0.457142857,0.416666667,138.91,6.94,0.0,88.0,22.0
308.2288623,0.247306926,Li7P3S11,10.1016/j.electacta.2016.09.155,0.016958125,Sulfide,1.990952381,23.53619048,1.28,3.0,0.333333333,0.982900728,0.528084807,3.0,0.239130435,0.636363636,32.07,6.94,0.0,63.0,21.0
308.2288623,0.166124229,Li7P3S11  ,10.1016/j.electacta.2016.09.155,0.025283125,Sulfide,1.990952381,23.53619048,1.28,3.0,0.333333333,0.982900728,0.528084807,3.0,0.239130435,0.636363636,32.07,6.94,0.0,63.0,21.0
308.2921309,0.368993426,Li3N ,10.1038/s41565-024-01813-z,0.003640498,Nitride,1.495,8.7075,0.6025,2.0,0.75,0.562335145,0.795675,2.0,0.171052632,0.0,14.01,6.94,0.0,8.0,4.0
308.3639054,0.451285033,Li7La3Zr2O12,10.1021/acsaem.0c02439,0.000484722,Garnet,2.254166667,34.98958333,1.110416667,4.0,0.291666667,1.172954578,1.414307639,4.0,0.514285714,0.583333333,138.91,6.94,0.0,96.0,24.0
308.4372902,0.373516207,Li3N,10.1038/s41565-024-01813-z,0.00317885,Nitride,1.495,8.7075,0.6025,2.0,0.75,0.562335145,0.795675,2.0,0.171052632,0.0,14.01,6.94,0.0,8.0,4.0
308.5492708,0.135458959,Li4B7O12Cl,10.1021/acsaem.9b00812,0.000359904,Halide,2.61,13.78666667,0.980833333,4.0,0.166666667,1.136994318,0.894633333,4.0,0.149171271,0.307692308,35.45,6.94,0.0,96.0,24.0
308.5831412,0.374489068,Li3N ,10.1038/s41565-024-01813-z,0.002860325,Nitride,1.495,8.7075,0.6025,2.0,0.75,0.562335145,0.795675,2.0,0.171052632,0.0,14.01,6.94,0.0,8.0,4.0
308.6155113,0.48467761,Li7La3Zr2O12,10.1021/acsenergylett.8b00453,9.4e-05,Garnet,2.254166667,34.98958333,1.110416667,4.0,0.291666667,1.172954578,1.414307639,4.0,0.514285714,0.583333333,138.91,6.94,0.0,96.0,24.0
308.6741723,0.316541731,Li10SiP2S12, 10.1149/2.0501412jes,0.003654013,LGPS,1.8816,21.7708,1.2384,4.0,0.4,1.049634821,0.56690144,4.0,0.217391304,0.833333333,32.07,6.94,0.0,100.0,25.0
308.7089922,0.128299345,Li7P3S11 ,10.1016/j.electacta.2016.09.155,0.038603125,Sulfide,1.990952381,23.53619048,1.28,3.0,0.333333333,0.982900728,0.528084807,3.0,0.239130435,0.636363636,32.07,6.94,0.0,63.0,21.0
308.9430894,0.331872587,Li1.2Ti1.8Sc0.2(PO4)3,10.1021/acs.inorgchem.6b02274,0.000129838,NASICON,2.860989011,21.34043956,1.114945055,5.0,0.065934066,1.02946385,0.88759875,5.0,0.314285714,0.1,47.87,6.94,0.0,91.0,18.2
309.0008613,0.82,Li7La3Zr2O12,10.1016/j.jallcom.2024.173554,1.49e-09,Garnet,2.254166667,34.98958333,1.110416667,4.0,0.291666667,1.172954578,1.414307639,4.0,0.514285714,0.583333333,138.91,6.94,0.0,96.0,24.0
309.181119,0.357042457,Li1.3Sc0.3Ti1.7(PO4)3,10.1016/j.ssi.2012.03.045,0.000128011,LISICON,2.849726776,21.24584699,1.114098361,5.0,0.071038251,1.049159727,0.88759875,5.0,0.314285714,0.108333333,47.87,6.94,0.0,91.5,18.3
309.3726482,0.599847803,Li0.34La0.51TiO2.94,10.1002/celc.201600639,2.78e-05,Perovskite,2.619582463,35.09680585,1.150250522,4.0,0.070981211,1.052893008,1.275922222,4.0,0.435714286,0.115646259,138.91,6.94,0.0,19.16,4.79
309.5536332,0.158544034,Li1.3Al0.2Sc0.1Ti1.7(PO4)3,10.1016/j.ssi.2012.03.045,0.013542864,LISICON,2.852459016,21.04934426,1.111147541,6.0,0.071038251,1.059594385,0.900457143,6.0,0.314285714,0.108333333,47.87,6.94,0.0,109.8,18.3
310.0152179,0.359134091,Li1.3Al0.1Sc0.2Ti1.7(PO4)3,10.1016/j.ssi.2012.03.045,0.000134568,LISICON,2.851092896,21.14759563,1.112622951,6.0,0.071038251,1.059594385,0.900457143,6.0,0.314285714,0.108333333,47.87,6.94,0.0,109.8,18.3
310.2400948,0.487432722,Li5.5La3Nb1.75In0.25O12,10.1016/j.jssc.2005.12.025,7.74e-05,Garnet,2.365111111,37.25322222,1.128444444,5.0,0.244444444,1.196911522,1.3174,5.0,0.457142857,0.458333333,138.91,6.94,0.0,112.5,22.5
310.6447605,0.657451389,Li2SnS3,10.1021/cm5037524,2.96e-05,Sulfide,1.943333333,38.13333333,1.288333333,3.0,0.333333333,1.011404265,0.512055556,3.0,0.375,0.666666667,118.71,6.94,0.0,18.0,6.0
310.6521931,0.318574549,Li7La3Hf2O12,10.1007/s11581-010-0486-2,0.000449275,Garnet,2.251666667,42.26208333,1.10875,4.0,0.291666667,1.172954578,1.418997222,4.0,0.5,0.583333333,178.49,6.94,0.0,96.0,24.0
311.5079365,0.353541691,Li6PS5Br,10.1021/jacs.3c12323,0.103618718,Argyrodite,1.840769231,24.06615385,1.243076923,4.0,0.461538462,1.118968867,0.657884024,4.0,0.224489796,1.0,79.9,6.94,0.0,52.0,13.0
311.5293912,0.632581028,Li4Nd3TeSbO12,10.1021/cm703677q,1.87e-08,Garnet,2.512857143,42.9447619,1.226190476,5.0,0.19047619,1.203575099,1.226315646,4.0,0.343891403,0.333333333,144.24,6.94,0.0,105.0,21.0
311.6582324,0.456755701,LiTa2PO8,10.1039/C8TA09170F,0.000311062,LTPO,2.8075,43.98416667,1.14,4.0,0.083333333,0.983087759,0.86171875,4.0,0.314285714,0.125,180.95,6.94,0.0,48.0,12.0
311.6904591,0.247532247, Li6.6La3Zr1.6Sb0.4O12,10.1016/j.jpcs.2021.110092,0.000183099,Garnet,2.287966102,35.98262712,1.117033898,5.0,0.279661017,1.214006633,1.359336,5.0,0.514285714,0.55,138.91,6.94,0.0,118.0,23.6
311.7479082,0.356125864,LiHf2(PO4)3,10.1021/jp973296c,2.02e-05,NASICON,2.857222222,36.04611111,1.126666667,4.0,0.055555556,0.973648923,0.765831173,4.0,0.314285714,0.083333333,178.49,6.94,0.0,72.0,18.0
311.7741508,0.435119947,Li6La3Nb1.5Y0.5O12,10.1039/c6cp02287a,6.7e-06,Garnet,2.324782609,36.26913043,1.124347826,5.0,0.260869565,1.216933453,1.354655556,4.0,0.457142857,0.5,138.91,6.94,0.0,115.0,23.0
311.7823478,0.291569029,Li3PS4,10.1016/j.electacta.2024.145382,6.59e-06,Sulfide,1.93125,22.50875,1.26,3.0,0.375,0.974314753,0.558135938,3.0,0.239130435,0.75,32.07,6.94,0.0,24.0,8.0
312.0970534,0.270578102, Li6.6La3Zr1.6Sb0.4O12,10.1016/j.jpcs.2021.110092,0.000112202,Garnet,2.287966102,35.98262712,1.117033898,5.0,0.279661017,1.214006633,1.359336,5.0,0.514285714,0.55,138.91,6.94,0.0,118.0,23.6
312.2401848,0.485986664,Li5La3Nb2O12,10.1016/j.jpowsour.2010.11.089,7.72e-05,Garnet,2.394545455,37.69318182,1.135,4.0,0.227272727,1.157033336,1.336842975,4.0,0.457142857,0.416666667,138.91,6.94,0.0,88.0,22.0
312.2401848,0.336426213,Li6.75La3Zr1.75Nb0.25O12,10.1016/j.jpowsour.2010.11.089,0.001546497,Garnet,2.270421053,35.30263158,1.113263158,5.0,0.284210526,1.203924315,1.374168,5.0,0.457142857,0.5625,138.91,6.94,0.0,118.75,23.75
312.2776826,0.26551004,Li10SnP2S12,10.1002/celc.202200156,0.001639545,Thio-LISICON,1.884,25.3956,1.25,4.0,0.4,1.049634821,0.567128,4.0,0.239130435,0.833333333,118.71,6.94,0.0,100.0,25.0
312.5091239,0.350568141,Li1.5Al0.5Ge1.5(PO4)3,10.1088/1674-1056/25/1/018802,0.000640275,NASICON,2.872432432,22.58135135,1.098648649,5.0,0.081081081,1.080768657,0.765246,5.0,0.314285714,0.125,72.63,6.94,0.0,92.5,18.5
312.5272047,0.331069678,Li1.3Al0.3Ti1.7(PO4)3,10.3390/ma18030609,0.000290339,NASICON,2.853825137,20.9510929,1.109672131,5.0,0.071038251,1.049159727,0.856755,5.0,0.314285714,0.108333333,47.87,6.94,0.0,91.5,18.3
312.5864454,0.433617456,Li1.5Al0.5Ge1.5(PO4)3,10.1021/acsami.3c03839,0.000403059,NASICON,2.872432432,22.58135135,1.098648649,5.0,0.081081081,1.080768657,0.765246,5.0,0.314285714,0.125,72.63,6.94,0.0,92.5,18.5
312.5918667,0.291833181,Li7La3Zr2O12,10.1016/j.elecom.2011.08.014,0.000547347,Garnet,2.254166667,34.98958333,1.110416667,4.0,0.291666667,1.172954578,1.414307639,4.0,0.514285714,0.583333333,138.91,6.94,0.0,96.0,24.0
312.6040712,0.27465378,Li1.3Al0.3Ti1.7(PO4)3 ,10.1016/j.ssi.2024.116528,0.000170382,NASICON,2.853825137,20.9510929,1.109672131,5.0,0.071038251,1.049159727,0.856755,5.0,0.314285714,0.108333333,47.87,6.94,0.0,91.5,18.3
312.6274417,0.233512433,Li1.3Al0.3Ti1.7(PO4)3 ,10.1016/j.ssi.2024.116528,5.01e-05,NASICON,2.853825137,20.9510929,1.109672131,5.0,0.071038251,1.049159727,0.856755,5.0,0.314285714,0.108333333,47.87,6.94,0.0,91.5,18.3
312.7853647,0.443338432,Li7La3Zr2O12 ,10.1021/acsami.2c21133,0.001582147,Garnet,2.254166667,34.98958333,1.110416667,4.0,0.291666667,1.172954578,1.414307639,4.0,0.514285714,0.583333333,138.91,6.94,0.0,96.0,24.0
312.7937264,0.353507373,Li6.5La3Zr1.5Ta0.5O12,10.20517/energymater.2024.201,0.000591146,Garnet,2.284893617,37.49553191,1.116170213,5.0,0.276595745,1.218998086,1.379576,5.0,0.457142857,0.541666667,180.95,6.94,0.0,117.5,23.5
312.8034906,0.217834982,Li1.3Al0.3Ti1.7(PO4)3,10.1016/j.ssi.2024.116528,4.96e-05,NASICON,2.853825137,20.9510929,1.109672131,5.0,0.071038251,1.049159727,0.856755,5.0,0.314285714,0.108333333,47.87,6.94,0.0,91.5,18.3
312.8150316,0.189248742,Li10SnP2S12,10.34133/energymatadv.0065,0.005715665,Sulfide,1.884,25.3956,1.25,4.0,0.4,1.049634821,0.567128,4.0,0.239130435,0.833333333,118.71,6.94,0.0,100.0,25.0
312.830656,0.732227229,Li6PS5Cl,10.1039/D3TA07453F,0.003781192,Argyrodite,1.856153846,20.64692308,1.231538462,4.0,0.461538462,1.118968867,0.69516213,4.0,0.239130435,1.0,35.45,6.94,0.0,52.0,13.0
312.8309213,0.282411075,Li11AlP2S12,10.1039/C6CC02131J,0.001379181,Thio-LISICON,1.835769231,21.15769231,1.225384615,4.0,0.423076923,1.043403378,0.577085947,4.0,0.239130435,0.916666667,32.07,6.94,0.0,104.0,26.0
312.8416703,0.318538459,Li6PS5Cl,10.1016/j.jpowsour.2024.235865,0.005367695,Argyrodite,1.856153846,20.64692308,1.231538462,4.0,0.461538462,1.118968867,0.69516213,4.0,0.239130435,1.0,35.45,6.94,0.0,52.0,13.0
312.8508769,0.993831515,Li1.3Al0.3Ti1.7(PO4)3 ,10.1039/d0cp03442h,0.001438966,Garnet,2.853825137,20.9510929,1.109672131,5.0,0.071038251,1.049159727,0.856755,5.0,0.314285714,0.108333333,47.87,6.94,0.0,91.5,18.3
312.8571429,0.62246375,Li5La3Ta2O12,10.1016/j.jssc.2024.125154,7.04e-07,Garnet,2.385454545,45.69681818,1.135,4.0,0.227272727,1.157033336,1.352115702,4.0,0.457142857,0.416666667,180.95,6.94,0.0,88.0,22.0
312.8654195,0.383367658,Li6.75La3Zr1.75Nb0.25O12,10.1016/j.jeurceramsoc.2018.08.037,4.85e-05,Garnet,2.270421053,35.30263158,1.113263158,5.0,0.284210526,1.203924315,1.374168,5.0,0.457142857,0.5625,138.91,6.94,0.0,118.75,23.75
312.8754505,0.378182941,LiAlH4,10.1063/1.3356981,1.81e-05,Hydride,1.898333333,6.325333333,0.463333333,3.0,0.166666667,0.867563228,0.215080556,2.0,0.486842105,0.0,26.98,1.008,0.0,18.0,6.0
312.8868232,0.376850763,Li6.5La3Zr1.5Ta0.5O12,10.20517/energymater.2024.201,0.000946767,Garnet,2.284893617,37.49553191,1.116170213,5.0,0.276595745,1.218998086,1.379576,5.0,0.457142857,0.541666667,180.95,6.94,0.0,117.5,23.5
312.9060199,0.212082317,Li1.3Al0.3Ti1.7(PO4)3,10.1002/celc.201901687,0.000363286,NASICON,2.853825137,20.9510929,1.109672131,5.0,0.071038251,1.049159727,0.856755,5.0,0.314285714,0.108333333,47.87,6.94,0.0,91.5,18.3
312.9123811,0.299027168,Li1.3Al0.3Ti1.7(PO4)3 ,10.1039/d4ta00068d,0.001257695,NASICON,2.853825137,20.9510929,1.109672131,5.0,0.071038251,1.049159727,0.856755,5.0,0.314285714,0.108333333,47.87,6.94,0.0,91.5,18.3
312.9185285,0.634467542,Li2NH,10.1016/0375-9601(79)90846-6,0.000708966,Hydride,1.8,7.2245,0.505,3.0,0.5,1.039720771,0.7606,2.0,0.171052632,0.0,14.01,1.008,0.0,12.0,4.0
312.9233825,0.680871841,Li6.5La3Zr1.5Ta0.5O12,10.20517/energymater.2024.201,1.03e-05,Garnet,2.284893617,37.49553191,1.116170213,5.0,0.276595745,1.218998086,1.379576,5.0,0.457142857,0.541666667,180.95,6.94,0.0,117.5,23.5
312.9238218,0.279405459,Li10GeP2S12,10.1016/j.ceramint.2024.11.447,0.00105717,Thio-LISICON,1.886,23.5524,1.2436,4.0,0.4,1.049634821,0.567528,4.0,0.239130435,0.833333333,72.63,6.94,0.0,100.0,25.0
312.9568095,0.257237023,Li1.3Al0.3Ti1.7(PO4)3,10.1016/j.ssi.2024.116528,0.000163171,NASICON,2.853825137,20.9510929,1.109672131,5.0,0.071038251,1.049159727,0.856755,5.0,0.314285714,0.108333333,47.87,6.94,0.0,91.5,18.3
312.9703207,0.659959971,Li2OHBr,10.1016/j.ssi.2024.116770,6.21e-06,Garnet-Halide,2.112,22.1576,1.05,4.0,0.4,1.33217904,1.010656,3.0,0.18877551,1.0,79.9,1.008,0.0,20.0,5.0
312.9843614,0.37322698,Li6.5La3Zr1.5Ta0.5O12,10.20517/energymater.2024.201,0.000881285,Garnet,2.284893617,37.49553191,1.116170213,5.0,0.276595745,1.218998086,1.379576,5.0,0.457142857,0.541666667,180.95,6.94,0.0,117.5,23.5
312.9866009,0.214552051,Li6PS5Cl,10.1021/acsaem.4c00341,0.000167537,Argyrodite,1.856153846,20.64692308,1.231538462,4.0,0.461538462,1.118968867,0.69516213,4.0,0.239130435,1.0,35.45,6.94,0.0,52.0,13.0
312.9880025,0.396985109,Li6PS5Cl,10.1021/acsaem.5c00020,5.353741568,Argyrodite,1.856153846,20.64692308,1.231538462,4.0,0.461538462,1.118968867,0.69516213,4.0,0.239130435,1.0,35.45,6.94,0.0,52.0,13.0
312.9967631,0.451285033,Li7La3Zr2O12,10.1021/acsaem.0c02439,0.000533962,Garnet,2.254166667,34.98958333,1.110416667,4.0,0.291666667,1.172954578,1.414307639,4.0,0.514285714,0.583333333,138.91,6.94,0.0,96.0,24.0
312.9991398,0.323120437,Li1.3Al0.3Ti1.7(PO4)3 ,10.1039/d4ta00068d,0.000579222,NASICON,2.853825137,20.9510929,1.109672131,5.0,0.071038251,1.049159727,0.856755,5.0,0.314285714,0.108333333,47.87,6.94,0.0,91.5,18.3
302.9001074,0.25361565350000004,Li1.3Al0.3Ti1.7(PO4)3,10.1021/acsami.4c21057&ref=pdf,0.010451209,NASICON,2.853825137,20.9510929,1.109672131,5.0,0.071038251,1.049159727,0.856755,5.0,0.314285714,0.108333333,47.87,6.94,0.0,91.5,18.3
293.1258106,0.43234393800000004,Li1.5Al0.5Ge1.5(PO4)3,10.1021/acsami.3c03839,0.00010290049999999999,NASICON,2.872432432,22.58135135,1.098648649,5.0,0.081081081,1.080768657,0.765246,5.0,0.314285714,0.125,72.63,6.94,0.0,92.5,18.5
302.7461487,0.43471766700000003,Li1.5Al0.5Ge1.5(PO4)3,10.1021/acsami.3c03839,0.00019112749999999998,NASICON,2.872432432,22.58135135,1.098648649,5.0,0.081081081,1.080768657,0.765246,5.0,0.314285714,0.125,72.63,6.94,0.0,92.5,18.5
312.3704216,0.436078473,Li1.5Al0.5Ge1.5(PO4)3,10.1021/acsami.3c03839,0.000267422,NASICON,2.872432432,22.58135135,1.098648649,5.0,0.081081081,1.080768657,0.765246,5.0,0.314285714,0.125,72.63,6.94,0.0,92.5,18.5
294.5590994,0.3555905915,Li6PS5Br,10.1021/jacs.3c12323,0.048737987499999996,Argyrodite,1.840769231,24.06615385,1.243076923,4.0,0.461538462,1.118968867,0.657884024,4.0,0.224489796,1.0,79.9,6.94,0.0,52.0,13.0
303.6750484,0.353541691,Li6PS5Br,10.1021/jacs.3c12323,0.077818609,Argyrodite,1.840769231,24.06615385,1.243076923,4.0,0.461538462,1.118968867,0.657884024,4.0,0.224489796,1.0,79.9,6.94,0.0,52.0,13.0
312.749004,0.34743264500000004,Li6PS5Br,10.1021/jacs.3c12323,0.1557342585,Argyrodite,1.840769231,24.06615385,1.243076923,4.0,0.461538462,1.118968867,0.657884024,4.0,0.224489796,1.0,79.9,6.94,0.0,52.0,13.0
295.7173234,0.384253864,Li6PS5Cl,10.1021/acsaem.4c01426,0.00123444,Argyrodite,1.856153846,20.64692308,1.231538462,4.0,0.461538462,1.118968867,0.69516213,4.0,0.239130435,1.0,35.45,6.94,0.0,52.0,13.0
298.1808234,0.1878031355,Li7P3S11,10.1016/j.electacta.2016.09.155,0.021953125,Sulfide,1.990952381,23.53619048,1.28,3.0,0.333333333,0.982900728,0.528084807,3.0,0.239130435,0.636363636,32.07,6.94,0.0,63.0,21.0
