ID,composition,source,temperature,target,log_target,family,ChemicalFamily
289,Li6Sr0.5Ba0.5La2Ta2O12,10.1149/1.2800764,293.15,8.08e-06,-5.092588639225414,Garnet,Oxides
169,Li1.4Al0.4(Ge0.67Ti0.33)1.6(PO4)3,10.1016/j.ssi.2004.05.009,294.15,0.000676,-3.170053304058364,NASICON,Oxides
172,Li1.4Al0.4Ti1.6(PO4)3,10.1016/j.ssi.2006.04.010,294.15,0.000917,-3.037630664329979,NASICON,Oxides
189,"""(Li2S)0.4 ((Ga2S3)0.1 (GeS2)0.9)0.6""",10.1016/j.ssi.2007.10.011,294.15,2.87e-06,-5.542118103266008,Glass,Sulphides
248,Li1.076Al0.6923Ti1.462(PO4)3,10.1016/S0167-2738(97)00018-0,294.15,0.000825,-3.083546051450075,NASICON,Oxides
891,Li6MgLa2Ta2O12,10.1149/1.2800764,294.25,1.92e-07,-6.716698771296451,Garnet,Oxides
250,LiGe2(PO4)3,10.1016/S0167-2738(97)00434-7,294.38,1e-06,-6.0,NASICON,Oxides
99,Li1.3Al0.3Ti1.7(PO4)3,10.1007/s11581-007-0197-5,294.57,3.33e-07,-6.47755576649368,NASICON,Oxides
759,Li6BaLa2Ta2O12 ,10.1002/adfm.200400044,295.15,4e-05,-4.3979400086720375,Garnet,Oxides
760,Li6SrLa2Ta2O12,10.1002/adfm.200400044,295.15,7e-06,-5.154901959985743,Garnet,Oxides
814,Li6BaLa2Nb2O12 ,10.1111/j.1551-2916.2005.00060.x,295.15,6e-06,-5.221848749616356,Garnet,Oxides
815,Li6SrLa2Nb2O12 ,10.1111/j.1551-2916.2005.00060.x,295.15,4.2e-06,-5.376750709602099,Garnet,Oxides
816,Li6CaLa2Nb2O12,10.1111/j.1551-2916.2005.00060.x,295.15,1.6e-06,-5.795880017344075,Garnet,Oxides
2,Li2OHBr,10.1002/aenm.201700971,295.21,5.4e-07,-6.267606240177032,Anti-Perovskite,Oxides and Other Anions
79,Li0.24La0.59TiO3,10.1007/s10717-007-0032-5,296.15,0.000166,-3.779891911959945,Perovskite,Oxides
326,LiHfTi(PO4)3,10.1016/0025-5408(89)90129-3,296.15,5.63e-07,-6.249491605148654,NASICON,Oxides
153,"""(LiCl)0.25 ((Li2O)0.6 (P2O5)0.4)0.75""",10.1016/j.jpowsour.2008.07.089,296.81,2.45e-06,-5.610833915635467,Glass,Oxides and Other Anions
790,Li6.4La3Zr2Ga0.2O12 ,10.1021/cm5008069,297.15,0.0009,-3.0457574905606752,Garnet,Oxides
795,Li6La3Nb1.5Y0.5O12 ,10.1021/jp304737x,297.15,0.000188,-3.72584215073632,Garnet,Oxides
21, Li6.4Al0.19La3Zr2O11.8,10.1016/j.jpowsour.2012.02.100,298.0,0.00031,-3.5086383061657274,Garnet,Oxides
25,Li9.6P3S12,10.1038/nenergy.2016.30,298.0,0.00158,-2.8013429130455774,Thio-LISICON,Sulphides
30,Li1.6Al0.6Ge0.8(PO4)3,10.1021/cm021717j,298.0,0.0007,-3.154901959985743,NASICON,Oxides
31,Li6.55La3Zr2Ga0.9O12,10.1021/cm5008069,298.0,0.0013,-2.886056647693163,Garnet,Oxides
35,LiTi2(PO4)3,10.1021/jp973296c,298.0,3.83e-07,-6.416801226031377,NASICON,Oxides
36,Li9.54Si1.74P1.44S11.7Cl0.3,10.1038/nenergy.2016.30,298.0,0.025,-1.6020599913279623,Thio-LISICON,Sulphides and Other Anions
39,Li7P3S11,10.1039/C3EE41655K,298.0,0.0032,-2.494850021680094,Thio-LISICON,Sulphides
40,Li1.4Al0.4Ti1.6(PO4)3,10.1039/C5TA08545D,298.0,0.00563,-2.2494916051486538,NASICON,Oxides
8,Li6PO5Cl,10.1002/zaac.201000121,298.15,1e-09,-9.0,Argyrodite,Oxides and Other Anions
20,Li7.06La3Zr1.94Y0.06O12,10.1016/j.elecom.2011.08.014,298.15,0.000956,-3.0195421077239,Garnet,Oxides
29,Li1.2Ti1.8Sc0.2(PO4)3,10.1021/acs.inorgchem.6b02274,298.15,0.000231,-3.6363880201078556,NASICON,Oxides
41,Li6.46Al0.15La3Zr1.95O11.86,10.1016/j.ensm.2019.08.017,298.15,8.3e-05,-4.080921907623926,Garnet,Oxides
60,La0.55Li0.36Ti0.992Al0.008O3,10.1007/BF02375549,298.15,0.000654,-3.184422251675733,Perovskite,Oxides
83,Li0.33La0.56Ti0.96Al0.04O2.96F0.04,10.1007/s11581-006-0011-9,298.15,0.000622,-3.2062096153091812,Perovskite,Oxides and Other Anions
86,"""(Li2S)0.4 ((P2S5)0.4 (Sb2S3)0.6)0.6""",10.1007/s11581-006-0054-y,298.15,1.6e-07,-6.795880017344075,Glass,Sulphides
103,LiP0.9I0.1O2.7,10.1007/s11581-008-0252-x,298.15,0.000398,-3.400116927926312,Glass,Oxides and Other Anions
122,"""(Li2O)50 (Al2O3)2 (P2O5)48""",10.1016/j.jeurceramsoc.2008.12.016,298.15,3.16e-09,-8.500312917381596,Glass,Oxides
128,"""(Li2O)50 (Al2O3)3 (P2O5)47""",10.1016/j.jeurceramsoc.2008.12.016,298.15,5.75e-09,-8.24033215531037,Glass,Oxides
129,"""(Li2O)50 (Al2O3)4 (P2O5)46""",10.1016/j.jeurceramsoc.2008.12.016,298.15,9.12e-09,-8.040005161671584,Glass,Oxides
134,"""(LiI)0.3 ((Li2S)0.3 ((Ga2S3)0.1 (GeS2)0.9)0.7)0.7""",10.1016/j.ssi.2007.10.011,298.15,0.000291,-3.5361070110140926,Glass,Sulphides and Other Anions
135,"""(Li2S)0.3 ((Ga2S3)0.1 (GeS2)0.9)0.7""",10.1016/j.ssi.2007.10.011,298.15,1.89e-06,-5.723538195826756,Glass,Sulphides and Other Anions
147,"""(Li2S)0.7 (P2S5)0.3""",10.1016/j.jpowsour.2006.04.037,298.15,0.0032,-2.494850021680094,Glass,Sulphides
149,"""(Li2S)0.8 (P2S5)0.2""",10.1016/j.jpowsour.2006.04.037,298.15,0.00112,-2.9507819773298185,Glass,Sulphides
150,"""(Li2S)0.875 (P2S5)0.125""",10.1016/j.jpowsour.2006.04.037,298.15,0.00021,-3.677780705266081,Glass,Sulphides
197,Li6La2SrNb2O12,10.1016/j.ssi.2008.01.047,298.15,6.21e-07,-6.20690839982342,Garnet,Oxides
220,Li6BaLa2Ta2O12 ,10.1016/j.ssi.2008.10.022,298.15,1.28e-05,-4.892790030352131,Garnet,Oxides
239,Li5La3Ta2O12,10.1016/j.ssi.2009.11.015,298.15,1.51e-06,-5.82102305270683,Garnet,Oxides
246,Li4.2Ge0.8Ga0.2S4,10.1016/S0167-2738(00)00277-0,298.15,6.5e-05,-4.187086643357144,Thio-LISICON,Sulphides
252,Li4Nd3TeSbO12,10.1021/cm703677q,298.15,8.7e-09,-8.060480747381382,Garnet,Oxides
255,"""(Li2O)50 (LiF)20 (P2O5)30""",10.1134/S1023193509050048,298.15,4.4e-07,-6.356547323513812,Glass,Oxides and Other Anions
301,Li6.75La3Zr1.75Ta0.25O12,10.1016/j.jpowsour.2012.01.131,298.15,0.000896,-3.0476919903378747,Garnet,Oxides
302,"""(Li2S)50 (P2S5)17 (LiBH4)33""",10.1016/j.jpowsour.2012.12.001,298.15,0.00143,-2.844663962534938,Glass,Sulphides and Other Anions
310,Li1.3Al0.1Sc0.2Ti1.7(PO4)3,10.1007/s10008-012-1780-x,298.15,0.000426,-3.370590400897281,NASICON,Oxides
311,Li1.3Al0.2Sc0.1Ti1.7(PO4)3,10.1007/s10008-012-1780-x,298.15,0.000269,-3.570247719997592,NASICON,Oxides
312,Li1.15Fe0.15Ti1.85(PO4)3,10.1007/s11164-013-1348-0,298.15,0.000522,-3.282329496997738,NASICON,Oxides
313,LiTi2(PO4)3,10.1007/s11164-013-1348-0,298.15,7.2e-05,-4.142667503568732,NASICON,Oxides
327,Li0.2Zr1.2Nb0.8(PO4)3,10.1016/0025-5408(89)90129-3,298.15,2.38e-07,-6.623423042943488,NASICON,Oxides
332,Li1.6Ga0.6Ti1.4(PO4)3,10.1016/0167-2738(86)90176-1,298.15,1.3e-05,-4.886056647693163,NASICON,Oxides
333,Li1.2Sc0.2Ti1.8(PO4)3,10.1016/0167-2738(86)90179-7,298.15,0.000246,-3.6090648928966207,NASICON,Oxides
334,Li1.8Sc0.8Ti1.2(PO4)3,10.1016/0167-2738(86)90179-7,298.15,0.00088,-3.0555173278498313,NASICON,Oxides
336,Li1.1Sc0.1Ti1.9(PO4)3,10.1016/0167-2738(86)90179-7,298.15,0.000158,-3.8013429130455774,NASICON,Oxides
337,Li1.2Sc0.2Ti1.6Zr0.2(PO4)3,10.1016/0167-2738(86)90179-7,298.15,0.00012,-3.9208187539523753,NASICON,Oxides
340,LiTi0.2Zr1.8(PO4)3,10.1016/0167-2738(86)90179-7,298.15,5.6e-08,-7.251811972993799,NASICON,Oxides
341,Li1.2Sc0.2Ti0.2Zr1.5(PO4)3,10.1016/0167-2738(86)90179-7,298.15,3.1e-07,-6.508638306165727,NASICON,Oxides
342,LiTi1.8Zr0.2(PO4)3,10.1016/0167-2738(86)90179-7,298.15,8.5e-08,-7.070581074285707,NASICON,Oxides
343,LiTi0.5Zr1.5(PO4)3,10.1016/0167-2738(86)90179-7,298.15,6.2e-08,-7.2076083105017466,NASICON,Oxides
346,LiTiZr(PO4)3,10.1016/0167-2738(86)90179-7,298.15,4e-08,-7.3979400086720375,NASICON,Oxides
348,LiTi0.1Zr1.9(PO4)3,10.1016/0167-2738(86)90179-7,298.15,3.2e-08,-7.494850021680094,NASICON,Oxides
358,Li1.5Cr0.5Ti1.5(PO4)3,10.1149/1.2086597,298.15,0.000391,-3.4078232426041333,NASICON,Oxides
359,Li1.6Cr0.6Ti1.4(PO4)3,10.1149/1.2086597,298.15,0.000147,-3.832682665251824,NASICON,Oxides
360,Li1.3Cr0.3Ti1.7 (PO4)3,10.1149/1.2086597,298.15,3.53e-05,-4.452225294612178,NASICON,Oxides
362,Li3Al0.4Sc1.6(PO4)3,10.1016/0167-2738(93)90015-U,298.15,1.28e-05,-4.892790030352131,NASICON,Oxides
363,Li1.2Fe0.2Hf1.8(PO4)3,10.1016/0167-2738(93)90387-I,298.15,0.00017,-3.769551078621726,NASICON,Oxides
364,Li1.2In0.2Hf1.8(PO4)3,10.1016/0167-2738(93)90387-I,298.15,0.000132,-3.87942606879415,NASICON,Oxides
366,Li1.4In0.4Hf1.6(PO4)3,10.1016/0167-2738(93)90387-I,298.15,0.000142,-3.8477116556169433,NASICON,Oxides
367,Li1.1Fe0.1Hf1.9(PO4)3,10.1016/0167-2738(93)90387-I,298.15,0.000107,-3.9706162223147903,NASICON,Oxides
368,Li1.2Lu0.2Hf1.8(PO4)3,10.1016/0167-2738(93)90387-I,298.15,9.79e-05,-4.009217308196862,NASICON,Oxides
369,Li1.2Y0.2Hf1.8(PO4)3,10.1016/0167-2738(93)90387-I,298.15,3.19e-05,-4.496209316942819,NASICON,Oxides
370,Li1.1Y0.1Hf1.9(PO4)3,10.1016/0167-2738(93)90387-I,298.15,9.18e-05,-4.037157318798758,NASICON,Oxides
371,Li1.2Sc0.2Hf1.8(PO4)3,10.1016/0167-2738(93)90387-I,298.15,5.86e-05,-4.23210238398191,NASICON,Oxides
372,Li1.3Sc0.3Hf1.7(PO4)3,10.1016/0167-2738(93)90387-I,298.15,8.32e-05,-4.079876673709276,NASICON,Oxides
373,Li1.1Lu0.1Hf1.9(PO4)3,10.1016/0167-2738(93)90387-I,298.15,5.88e-05,-4.230622673923862,NASICON,Oxides
374,Li1.4Y0.4Hf1.6(PO4)3,10.1016/0167-2738(93)90387-I,298.15,2.09e-05,-4.679853713888946,NASICON,Oxides
375,Li1.4Sc0.4Hf1.6(PO4)3,10.1016/0167-2738(93)90387-I,298.15,6.17e-05,-4.209714835966758,NASICON,Oxides
376,Li1.3Fe0.3Hf1.7(PO4)3,10.1016/0167-2738(93)90387-I,298.15,5.4e-05,-4.267606240177032,NASICON,Oxides
377,Li1.3Lu0.3Hf1.7(PO4)3,10.1016/0167-2738(93)90387-I,298.15,3.56e-05,-4.448550002027125,NASICON,Oxides
378,Li1.3Y0.3Hf1.7(PO4)3,10.1016/0167-2738(93)90387-I,298.15,3.19e-05,-4.496209316942819,NASICON,Oxides
379,Li1.1Sc0.1Hf1.9(PO4)3,10.1016/0167-2738(93)90387-I,298.15,2.45e-05,-4.610833915635467,NASICON,Oxides
380,Li1.4Lu0.4Hf1.6(PO4)3,10.1016/0167-2738(93)90387-I,298.15,2.06e-05,-4.686132779630847,NASICON,Oxides
381,Li1.1In0.1Hf1.9(PO4)3,10.1016/0167-2738(93)90387-I,298.15,1e-06,-6.0,NASICON,Oxides
382,Li1.3Cr0.3Hf1.7(PO4)3,10.1016/0167-2738(93)90387-I,298.15,5.26e-07,-6.279014255846261,NASICON,Oxides
383,Li1.2Cr0.2Hf1.8(PO4)3,10.1016/0167-2738(93)90387-I,298.15,2.54e-07,-6.5951662833800615,NASICON,Oxides
384,Li1.5Cr0.5Hf1.5(PO4)3,10.1016/0167-2738(93)90387-I,298.15,1.18e-07,-6.928117992693875,NASICON,Oxides
385,Li1.1Cr0.1Hf1.9(PO4)3,10.1016/0167-2738(93)90387-I,298.15,9.35e-08,-7.029188389127483,NASICON,Oxides
386,Li1.3Eu0.3Ti1.7(PO4)3,10.1016/0167-2738(94)90299-2,298.15,6e-05,-4.221848749616356,NASICON,Oxides
388,LiHf2(PO4)3,10.1016/B978-0-08-021592-1.50024-6,298.15,3.8e-06,-5.42021640338319,NASICON,Oxides
390,Li1.15Y0.15Zr1.85(PO4)3,10.1016/j.jpowsour.2013.03.175,298.15,7.1e-05,-4.1487416512809245,NASICON,Oxides
397,Li1.02Zr1.98Y0.02(PO4)3,10.1016/j.ssi.2003.12.037,298.15,1.15e-07,-6.939302159646388,NASICON,Oxides
398,Li0.9Zr1.9Nb0.1(PO4)3,10.1016/j.ssi.2003.12.037,298.15,1.35e-06,-5.8696662315049934,NASICON,Oxides
399,Li0.98Zr1.98Nb0.02(PO4)3,10.1016/j.ssi.2003.12.037,298.15,2.5e-07,-6.6020599913279625,NASICON,Oxides
401,Li1.3Al0.2Y0.1Ti1.7(PO4)3,10.1016/j.ssi.2012.05.011,298.15,0.00012,-3.9208187539523753,NASICON,Oxides
402,Li1.3Al0.1Y0.2Ti1.7(PO4)3,10.1016/j.ssi.2012.05.011,298.15,7.3e-05,-4.136677139879544,NASICON,Oxides
403,Li1.3Al0.15Y0.15Ti1.7(PO4)3,10.1016/j.ssi.2012.05.011,298.15,1.9e-05,-4.721246399047171,NASICON,Oxides
404,Li1.4Al0.4Ge0.2Ti1.4(PO4)3,10.1016/j.ssi.2013.09.022,298.15,0.00129,-2.889410289700751,NASICON,Oxides
405,Li1.4Al0.4Ge1.2Ti0.4(PO4)3,10.1016/j.ssi.2013.09.022,298.15,0.000343,-3.4647058799572297,NASICON,Oxides
406,Li1.4Al0.4Ge1.6(PO4)3,10.1016/j.ssi.2013.09.022,298.15,0.000177,-3.7520267336381936,NASICON,Oxides
407,Li2InTi(PO4)3,10.1016/S0167-2738(96)00565-6,298.15,8.3e-06,-5.080921907623926,NASICON,Oxides
408,Li2CrZr(PO4)3,10.1016/S0167-2738(96)00565-6,298.15,5.91e-07,-6.228412519118745,NASICON,Oxides
409,Li2CrTi(PO4)3,10.1016/S0167-2738(96)00565-6,298.15,4.41e-07,-6.355561410532162,NASICON,Oxides
410,Li2FeTi(PO4)3,10.1016/S0167-2738(96)00565-6,298.15,3.34e-07,-6.476253533188435,NASICON,Oxides
411,Li2FeZr(PO4)3,10.1016/S0167-2738(96)00565-6,298.15,1.44e-07,-6.841637507904751,NASICON,Oxides
412,Li2InZr(PO4)3,10.1016/S0167-2738(96)00565-6,298.15,8.22e-08,-7.0851281824599495,NASICON,Oxides
413,Li2InHf(PO4)3,10.1016/S0167-2738(96)00565-6,298.15,2.74e-08,-7.562249437179612,NASICON,Oxides
421,Li1.7Al0.7Ge1.3(PO4)3,10.1016/S0955-2219(99)00055-2,298.15,0.00015,-3.8239087409443187,NASICON,Oxides
423,Li1.6Al0.6Ge1.4(PO4)3,10.1016/S0955-2219(99)00055-2,298.15,0.00014,-3.853871964321762,NASICON,Oxides
424,Li1.3Al0.3Ge1.7(PO4)3,10.1016/S0955-2219(99)00055-2,298.15,3.9e-05,-4.4089353929735005,NASICON,Oxides
425,Li1.7Al0.7Ti1.3(PO4)3,10.1016/S0955-2219(99)00055-2,298.15,3.7e-05,-4.431798275933005,NASICON,Oxides
426,Li1.1Al0.1Ti1.9(PO4)3,10.1016/S0955-2219(99)00055-2,298.15,3e-05,-4.522878745280337,NASICON,Oxides
427,Li1.1Al0.1Ge1.9(PO4)3,10.1016/S0955-2219(99)00055-2,298.15,2.9e-06,-5.5376020021010435,NASICON,Oxides
430,Li1.5Al0.5Ti1.5(PO4)3,10.1021/cm010528i,298.15,1.1e-05,-4.958607314841775,NASICON,Oxides
431,Li1.05Al0.05Ti1.95(PO4),10.1021/cm010528i,298.15,1.4e-06,-5.853871964321762,NASICON,Oxides
432,Li1.6Al0.6Ge0.8Ti0.6(PO4)3,10.1021/cm021717j,298.15,0.00011,-3.958607314841775,NASICON,Oxides
433,Li1.4Al0.4Ge1.0Ti0.6(PO4)3,10.1021/cm021717j,298.15,8e-05,-4.096910013008056,NASICON,Oxides
434,Li1.8Al0.8Ge0.8Ti0.4(PO4)3,10.1021/cm021717j,298.15,7e-05,-4.154901959985743,NASICON,Oxides
435,Li1.4Al0.4Ge0.8Ti0.8(PO4)3,10.1021/cm021717j,298.15,6e-05,-4.221848749616356,NASICON,Oxides
436,Li1.6Al0.6Ge1.0Ti0.4(PO4)3,10.1021/cm021717j,298.15,5e-05,-4.301029995663981,NASICON,Oxides
437,Li1.2Al0.2Ge0.8Ti(PO4)3,10.1021/cm021717j,298.15,3e-05,-4.522878745280337,NASICON,Oxides
438,Li1.2Al0.2Ge1.0Ti0.8(PO4)3,10.1021/cm021717j,298.15,3e-05,-4.522878745280337,NASICON,Oxides
439,Li1.8Al0.8Ge1.0Ti0.2(PO4)3,10.1021/cm021717j,298.15,3e-05,-4.522878745280337,NASICON,Oxides
441,LiGe2(PO4)3,10.1021/jp9085602,298.15,7.2e-07,-6.142667503568732,NASICON,Oxides
453,Li1.2Y0.2Ti1.8(PO4)3,10.1149/1.2086597,298.15,0.000504,-3.2975694635544746,NASICON,Oxides
454,Li1.4Y0.4Ti1.6(PO4)3,10.1149/1.2096693,298.15,0.00061,-3.214670164989233,NASICON,Oxides
455,Li0.7Al0.3Ti1.7(PO4)3,10.1149/1.2086597,298.15,0.000588,-3.2306226739238615,NASICON,Oxides
456,Li1.3Y0.3Ti1.7(PO4)3,10.1149/1.2086597,298.15,0.000554,-3.25649023527157,NASICON,Oxides
457,Li1.2Fe0.2Ti1.8(PO4)3,10.1149/1.2086597,298.15,0.000351,-3.4546928835341757,NASICON,Oxides
458,Li1.4Sc0.4Ti1.6(PO4)3,10.1149/1.2086597,298.15,0.000515,-3.288192770958809,NASICON,Oxides
459,Li1.2In0.2Ti1.8(PO4)3,10.1149/1.2086597,298.15,0.000401,-3.396855627379818,NASICON,Oxides
460,Li1.4Fe0.4Ti1.6(PO4)3,10.1149/1.2086597,298.15,0.000386,-3.413412695328245,NASICON,Oxides
461,Li1.4In0.4Ti1.6(PO4)3,10.1149/1.2086597,298.15,0.0003,-3.5228787452803374,NASICON,Oxides
462,Li1.5In0.5Ti1.5(PO4)3,10.1149/1.2086597,298.15,0.000204,-3.6903698325741012,NASICON,Oxides
463,Li1.5Fe0.5Ti1.5(PO4)3,10.1149/1.2086597,298.15,0.000175,-3.7569619513137056,NASICON,Oxides
464,Li1.4Cr0.4Ti1.6(PO4)3,10.1149/1.2086597,298.15,0.00015,-3.8239087409443187,NASICON,Oxides
465,Li1.5Y0.5Ti1.5(PO4)3,10.1149/1.2086597,298.15,5.44e-05,-4.2644011003018205,NASICON,Oxides
466,Li1.2Cr0.2Ti1.8(PO4)3,10.1149/1.2086597,298.15,1.83e-05,-4.73754891026957,NASICON,Oxides
467,Li1.2La0.2Ti1.8(PO4)3,10.1149/1.2096693,298.15,0.000528,-3.277366077466188,NASICON,Oxides
468,Li1.3La0.3Ti1.7(PO4)3,10.1149/1.2096693,298.15,0.000528,-3.277366077466188,NASICON,Oxides
469,Li1.4La0.4Ti1.6(PO4)3,10.1149/1.2096693,298.15,0.000497,-3.303643611266668,NASICON,Oxides
470,Li1.5La0.5Ti1.5(PO4)3,10.1149/1.2096693,298.15,0.000282,-3.549750891680639,NASICON,Oxides
471,LiSn2(PO4)3,10.1149/1.2220723,298.15,2e-09,-8.698970004336019,NASICON,Oxides
472,Li1.3Sc0.3Ge1.7(PO4)3,10.1246/bcsj.65.2200,298.15,2.98e-05,-4.525783735923745,NASICON,Oxides
473,Li1.5Ga0.5Ge1.5(PO4)3,10.1246/bcsj.65.2200,298.15,0.000117,-3.9318141382538383,NASICON,Oxides
475,Li1.3Fe0.3Ge1.7(PO4)3,10.1246/bcsj.65.2200,298.15,3.67e-05,-4.435333935747911,NASICON,Oxides
476,Li1.5Sc0.5Ge1.5(PO4)3,10.1246/bcsj.65.2200,298.15,2.51e-05,-4.600326278518962,NASICON,Oxides
477,Li1.7Fe0.7Ge1.3(PO4)3,10.1246/bcsj.65.2200,298.15,2.37e-05,-4.6252516539898965,NASICON,Oxides
478,Li1.7Ga0.7Ge1.3(PO4)3,10.1246/bcsj.65.2200,298.15,2.43e-05,-4.614393726401688,NASICON,Oxides
479,Li1.3In0.3Ge1.7(PO4)3,10.1246/bcsj.65.2200,298.15,9.22e-06,-5.035269078946371,NASICON,Oxides
480,Li1.5In0.5Ge1.5(PO4)3,10.1246/bcsj.65.2200,298.15,5.75e-06,-5.2403321553103694,NASICON,Oxides
481,Li1.45Al0.45Ge0.2Ti1.35(PO4)3,10.3389/fenrg.2016.00012,298.15,0.00101,-2.9956786262173574,NASICON,Oxides
482,Li1.40Al0.4Ge0.2Ti1.4(PO4)3,10.3389/fenrg.2016.00012,298.15,0.001,-3.0,NASICON,Oxides
483,Li1.50Al0.50Ge0.2Ti1.3(PO4)3,10.3389/fenrg.2016.00012,298.15,0.000737,-3.1325325121409486,NASICON,Oxides
484,Li1.35Al0.35Ge0.2Ti1.45(PO4)3,10.3389/fenrg.2016.00012,298.15,0.000618,-3.209011524911184,NASICON,Oxides
485,Li1.55Al0.55Ge0.2Ti1.25(PO4)3,10.3389/fenrg.2016.00012,298.15,7.02e-05,-4.153662887870195,NASICON,Oxides
486,Li1.45Al0.45Ti1.55(PO4),10.5796/electrochemistry.82.870,298.15,0.00029,-3.537602002101044,NASICON,Oxides
488,Li7Ge3PS12,10.1016/j.jssc.2016.12.001,298.15,0.00011,-3.958607314841775,Thio-LISICON,Sulphides
489,Li3.2PO3.1N0.7,10.1016/j.ssi.2005.10.021,298.15,5e-07,-6.301029995663981,LISICON,Oxides and Other Anions
504,Li3OBr,10.1016/j.ssi.2015.11.027,298.15,1.06e-06,-5.97469413473523,Anti-Perovskite,Oxides and Other Anions
537,Li1.6Al0.6Ge1.4 (PO4)3,10.1016/S0167-2738(97)00434-7,298.15,0.00038,-3.42021640338319,Glass-Ceramic,Oxides
539,Li6.25PS5.25Cl0.75,10.1016/j.apsusc.2019.07.041,298.15,0.014,-1.853871964321762,Argyrodite,Sulphides and Other Anions
582,Li6PS5I,10.1007/s10008-011-1572-8,298.15,0.00063,-3.2006594505464183,Argyrodite,Sulphides and Other Anions
584,Li5PS4(BH4)2,10.1021/acsomega.8b00377,298.15,0.00796,-2.099086932262331,Argyrodite,Sulphides and Other Anions
591,Li0.245La0.592Ti0.98Mn0.02O3,10.1006/jssc.1998.7904,298.15,0.001,-3.0,Perovskite,Oxides
592,La0.55Li0.36Ti0.995Al0.005O3,10.1007/BF02375549,298.15,0.0011,-2.958607314841775,Perovskite,Oxides
593,La0.54Li0.36TiO3,10.1007/BF02375549,298.15,0.00089,-3.050609993355087,Perovskite,Oxides
594,La0.51Li0.36Ti0.95W0.05O3,10.1007/BF02375549,298.15,0.00073,-3.136677139879544,Perovskite,Oxides
595,La0.56Li0.36Ti0.95Al0.05O3,10.1007/BF02375549,298.15,0.00064,-3.193820026016113,Perovskite,Oxides
596,La0.55Li0.36Ti0.95Ge0.05O3,10.1007/BF02375549,298.15,0.00036,-3.4436974992327127,Perovskite,Oxides
597,La0.58Li0.36Ti0.95Mg0.05O3,10.1007/BF02375549,298.15,0.00021,-3.677780705266081,Perovskite,Oxides
598,La0.55Li0.36Ti0.95Mn0.05O3,10.1007/BF02375549,298.15,0.00019,-3.721246399047171,Perovskite,Oxides
599,La0.55Li0.36Ti0.95Ru0.05O3,10.1007/BF02375549,298.15,5.2e-05,-4.2839966563652006,Perovskite,Oxides
604,(La0.5Li0.5)TiO3,10.1016/0167-2738(94)90309-3,298.15,0.001,-3.0,Perovskite,Oxides
605,Sm0.52Li0.38TiO2.97,10.1016/0167-2738(94)90310-7,298.15,0.0015,-2.8239087409443187,Perovskite,Oxides
610,Li0.34Pr0.56TiO3,10.1016/0167-2738(94)90310-7,298.15,1e-06,-6.0,Perovskite,Oxides
611,Nd0.55Li0.34TiO3,10.1016/0167-2738(94)90310-7,298.15,8e-08,-7.096910013008056,Perovskite,Oxides
612,Li0.5(La0.4Nd0.1)TiO3,10.1016/S0167-2738(97)00015-5,298.15,0.001,-3.0,Perovskite,Oxides
615,Nd0.25Li0.25TaO3,10.1016/S0167-2738(98)00414-7,298.15,1.91e-06,-5.718966632752273,Perovskite,Oxides
617,Li0.25La0.25TaO3,10.1016/S0167-2738(98)00414-7,298.15,0.000366,-3.4365189146055894,Perovskite,Oxides
619,Li0.5Sr0.5Cr0.25Ta0.75O3,10.1016/S0378-7753(97)02645-1,298.15,6.31e-05,-4.199970640755866,Perovskite,Oxides
620,Li0.5Sr0.5Fe0.25Ta0.75O3,10.1016/S0378-7753(97)02645-1,298.15,0.000126,-3.899629454882437,Perovskite,Oxides
632, La0.29Li0.12NbO3,10.1016/S0167-2738(98)00266-5,298.15,4.25e-05,-4.371611069949688,Other,Oxides
633,La0.283Li0.15NbO3,10.1016/S0167-2738(98)00266-5,298.15,3.85e-05,-4.414539270491499,Other,Oxides
634,La0.273Li0.18NbO3,10.1016/S0167-2738(98)00266-5,298.15,3.82e-05,-4.4179366370882915,Other,Oxides
635,La0.303Li0.09NbO3,10.1016/S0167-2738(98)00266-5,298.15,3.52e-05,-4.453457336521869,Other,Oxides
636,La0.313Li0.06NbO3,10.1016/S0167-2738(98)00266-5,298.15,2.33e-05,-4.632644078973981,Other,Oxides
637,Li0.1Sr0.8Ti0.7Nb0.3O3,10.1149/1.1629102,298.15,1e-08,-8.0,Perovskite,Oxides
638,Li0.3Sr0.6Ti0.20Fe0.30Ta0.5O3,10.1149/1.1629102,298.15,1e-07,-7.0,Perovskite,Oxides
639,Li0.3Sr0.6Ti0.35Fe0.15Ta0.5O3,10.1149/1.1629102,298.15,2.8e-05,-4.552841968657781,Perovskite,Oxides
640,Li0.3Sr0.6Ti0.40Fe0.10Ta0.5O3,10.1149/1.1629102,298.15,3.6e-05,-4.443697499232712,Perovskite,Oxides
644,Li0.25La0.41Sr0.25TiO3,10.1021/cm020609u,298.15,7.64e-05,-4.11690664142431,Perovskite,Oxides
645,Li0.15La0.51Sr0.15TiO3,10.1021/cm020609u,298.15,5.3e-05,-4.275724130399211,Perovskite,Oxides
647,LiSrTiTaO6,10.1021/cm9810382,298.15,0.00055,-3.2596373105057563,Perovskite,Oxides
648,LiSr1.65Ti1.3Ta1.7O9,10.1021/cm9810382,298.15,4.9e-05,-4.309803919971486,Perovskite,Oxides
649,LiSr1.65Ti1.3Nb1.7O9,10.1021/cm9810382,298.15,2e-05,-4.698970004336019,Perovskite,Oxides
650,LiSr1.65Zr1.3Ta1.7O9,10.1021/cm9810382,298.15,1.3e-05,-4.886056647693163,Perovskite,Oxides
652,LiSr2Ti2NbO9,10.1021/cm9810382,298.15,1e-06,-6.0,Perovskite,Oxides
653,LiSrTiNbO6,10.1021/cm9810382,298.15,1e-06,-6.0,Perovskite,Oxides
656,Li0.25La0.66Ti0.75Al0.25O3,10.1021/cm011149s,298.15,7.66e-05,-4.115771230367396,Perovskite,Oxides
657,Li0.20La0.66Ti0.80Al0.20O3,10.1021/cm011149s,298.15,4.28e-05,-4.368556230986828,Perovskite,Oxides
658,Li0.30La0.66Ti0.70Al0.30O3,10.1021/cm011149s,298.15,1.72e-05,-4.764471553092451,Perovskite,Oxides
659,Li0.15La0.66Ti0.85Al0.15O3,10.1021/cm011149s,298.15,9.66e-06,-5.015022873584507,Perovskite,Oxides
663,Li0.27La0.59TiO3,10.2109/jcersj.105.548,298.15,0.00058,-3.2365720064370627,Perovskite,Oxides
673,Li10SnP2S12,10.1021/ja407393y,298.15,0.004,-2.3979400086720375,Thio-LISICON,Sulphides
697,Li1.5Hf1.5Al0.5P3O12,10.1016/j.ssi.2005.07.010,298.15,0.00011,-3.958607314841775,NASICON,Oxides
698,"""(Li2S)70 (P2S5)30""",10.1039/C3EE41655K,298.15,0.017,-1.7695510786217261,Glass-Ceramic,Sulphides
699,Li11AlP2S12,10.1039/C6CC02131J,298.15,0.000802,-3.0958256317158366,Thio-LISICON,Sulphides
700,Li6BaLa2Ta2O12,10.1002/adfm.200400044,298.15,4e-05,-4.3979400086720375,Garnet,Oxides
701,Li5NI2,10.1002/anie.198000741,298.15,1.5e-07,-6.823908740944319,Other,Halides
703,Li6NBr3,10.1002/anie.198000741,298.15,3.1e-07,-6.508638306165727,Rocksalt,Halides
704,Li4SiO4,10.1016/0025-5408(76)90235-X,298.15,2e-10,-9.698970004336019,LISICON,Oxides
705,Li4GeO4,10.1016/0025-5408(76)90235-X,298.15,3.1e-12,-11.508638306165727,LISICON,Oxides
706,Li2Ge7O15,10.1016/0025-5408(76)90235-X,298.15,5e-16,-15.0,Other,Oxides
707,Li3.5Ge0.5V0.5O4,10.1016/0025-5408(80)90249-4,298.15,7e-05,-4.154901959985743,LISICON,Oxides
708,LiI,10.1016/0167-2738(81)90020-5,298.15,2.8e-08,-7.552841968657781,Rocksalt,Halides
710,Li3P,10.1016/0167-2738(89)90438-4,298.15,0.001,-3.0,Other,Other
712,Li3Sc2P3O12,10.1016/j.materresbull.2007.08.007,298.15,1e-10,-10.0,NASICON,Oxides
713,Li5La3Bi2O12,10.1016/j.ssi.2017.03.030,298.15,2e-05,-4.698970004336019,Garnet,Oxides
714,LiLa(TiO3)2,10.1016/S0167-2738(00)00761-X,298.15,0.001,-3.0,Perovskite,Oxides
716,Li3VO4,10.1016/S0924-0136(01)01044-5,298.15,1.67e-06,-5.777283528852417,LISICON,Oxides
718,Li4BN3H10,10.1021/Ja907249p,298.15,0.0002,-3.6989700043360187,Other,Other
722,Li2NH,10.1039/c2cp23636b,298.15,0.000254,-3.595166283380062,Other,Other
723,Li2Ca(NH)2,10.1039/c2cp23636b,298.15,6.4e-06,-5.1938200260161125,Other,Other
725,Li3N,10.1039/C0EE00052C,298.15,0.000575,-3.2403321553103694,Other,Other
726,Li13.6Si2.8S1.2O16,10.1016/0013-4686(77)80035-2,298.15,6e-07,-6.221848749616356,LISICON,Oxides
727,LiAlH4,10.1063/1.3356981,298.15,2e-09,-8.698970004336019,Other,Other
730,Li4B7O12Cl,10.1107/S0567740877009443,298.15,1e-07,-7.0,Other,Oxides and Other Anions
731,Li10.35Si1.35P1.65S12,10.1107/S2052520615022283,298.15,0.0065,-2.1870866433571443,Thio-LISICON,Sulphides
732,Li9.81Sn0.81P2.19S12,10.1107/S2052520615022283,298.15,0.0055,-2.2596373105057563,Thio-LISICON,Sulphides
735,Li14ZnGe4O16,10.1149/1.2119778,298.15,1e-06,-6.0,LISICON,Oxides
738,Li2.88PO3.73N0.14,10.1006/jssc.1995.1140,298.15,1.4e-13,-12.853871964321762,LISICON,Oxides
743,Li6.35P0.65Si0.35S5Br,10.1039/c7ta08581h,298.15,0.0023,-2.638272163982407,Argyrodite,Sulphides and Other Anions
744,Li6.50P0.50Si0.50S5Br,10.1039/c7ta08581h,298.15,0.0023,-2.638272163982407,Argyrodite,Sulphides and Other Anions
745,Li6.20P0.80Si0.20S5Br,10.1039/c7ta08581h,298.15,0.00198,-2.703334809738469,Argyrodite,Sulphides and Other Anions
746,Li6.30P0.70Si0.30S5Br,10.1039/c7ta08581h,298.15,0.00183,-2.7375489102695707,Argyrodite,Sulphides and Other Anions
747,Li6.25P0.75Si0.25S5Br,10.1039/c7ta08581h,298.15,0.0015,-2.8239087409443187,Argyrodite,Sulphides and Other Anions
748,Li6.12P0.90Si0.12S5Br,10.1039/c7ta08581h,298.15,0.0009,-3.0457574905606752,Argyrodite,Sulphides and Other Anions
749,Li6.22P0.78Si0.22S5Br,10.1039/c7ta08581h,298.15,0.00108,-2.96657624451305,Argyrodite,Sulphides and Other Anions
750,Li6.17P0.83Si0.17S5Br,10.1039/c7ta08581h,298.15,0.000929,-3.031984286006358,Argyrodite,Sulphides and Other Anions
751,Li6.13P0.87Si0.13S5Br,10.1039/c7ta08581h,298.15,0.000901,-3.045275209020937,Argyrodite,Sulphides and Other Anions
752,Li6.08P0.92Si0.08S5Br,10.1039/c7ta08581h,298.15,0.000864,-3.063486257521107,Argyrodite,Sulphides and Other Anions
753,Li6.02P0.98Si0.02S5 Br,10.1039/c7ta08581h,298.15,0.000874,-3.058488567365597,Argyrodite,Sulphides and Other Anions
754,Li6.10P0.90Si0.10S5Br,10.1039/c7ta08581h,298.15,0.000805,-3.0942041196321313,Argyrodite,Sulphides and Other Anions
756,Li6.05P0.95Si0.05S5Br,10.1039/c7ta08581h,298.15,0.000441,-3.3555614105321614,Argyrodite,Sulphides and Other Anions
762,Li3.6Si0.6P0.4S4,10.1006/jssc.2002.9701,298.15,7.76e-05,-4.110138278741812,Thio-LISICON,Sulphides
764,Li4SiS4,10.1016/0025-5408(89)90053-6,298.15,4.93e-08,-7.30715308072277,Thio-LISICON,Sulphides
765,Li2SiS3,10.1016/0025-5408(89)90053-6,298.15,2e-06,-5.698970004336019,Thio-LISICON,Sulphides
769,Li6.75La3Zr1.75Nb0.25O12 ,10.1016/j.jpowsour.2010.11.089,298.15,0.0008,-3.0969100130080562,Garnet,Oxides
770,Li7La3Zr1.89Al0.15O12 ,10.1016/j.jpowsour.2013.03.049,298.15,0.00034,-3.4685210829577446,Garnet,Oxides
772,Li10Ge0.95Si0.05P2S12,10.1016/j.jpowsour.2014.07.159,298.15,0.0086,-2.065501548756432,Thio-LISICON,Sulphides
773,Li5.5La3Nb1.75In0.25O12 ,10.1016/j.jssc.2005.12.025,298.15,2.4e-05,-4.619788758288394,Garnet,Oxides
774,Li5.5La2.75K0.25Nb2O12 ,10.1016/j.jssc.2005.12.025,298.15,1.06e-05,-4.97469413473523,Garnet,Oxides
777,Li6.25La3Zr2Ga0.25O12,10.1016/j.matchemphys.2012.03.054,298.15,0.00035,-3.4559319556497243,Garnet,Oxides
781,Li4GeS4,10.1016/S0167-2738(00)00277-0,298.15,2.51e-07,-6.600326278518962,Thio-LISICON,Sulphides
784,Li4PS4I,10.1021/acs.chemmater.7b00013,298.15,6.26e-05,-4.20342566678957,Argyrodite,Sulphides and Other Anions
789,Li4SnS4,10.1021/cm3011315,298.15,7e-05,-4.154901959985743,Thio-LISICON,Sulphides
791,Li2SnS3,10.1021/cm5037524,298.15,1.36e-05,-4.866461091629782,Rocksalt,Sulphides
792,Li3PS4,10.1021/ja3110895,298.15,0.00016,-3.795880017344075,Thio-LISICON,Sulphides
794,Li6.5La3Nb1.25Y0.75O12 ,10.1021/jp304737x,298.15,0.00027,-3.5686362358410126,Garnet,Oxides
800,Li6.5La3Zr1.5Ta0.5O12 ,10.1039/C2JM31413D,298.15,0.00092,-3.036212172654445,Garnet,Oxides
801,Li6.6La3Zr1.6Ta0.4O12 ,10.1039/C2JM31413D,298.15,0.00073,-3.136677139879544,Garnet,Oxides
803,Li6.2La3Zr1.2Ta0.8O12 ,10.1039/C2JM31413D,298.15,0.00032,-3.494850021680094,Garnet,Oxides
804,Li6.8La3Zr1.8Ta0.2O12 ,10.1039/C2JM31413D,298.15,0.00028,-3.552841968657781,Garnet,Oxides
805,Li6La3ZrTaO12 ,10.1039/C2JM31413D,298.15,0.00016,-3.795880017344075,Garnet,Oxides
808,Li6.2La3Zr1.2Sb0.8O12 ,10.1039/C3CP50991E,298.15,0.00045,-3.3467874862246565,Garnet,Oxides
812,Li5La3Ta2O12 ,10.1111/j.1151-2916.2003.tb03318.x,298.15,3.4e-06,-5.468521082957745,Garnet,Oxides
818,Li6.75La3Zr1.75Ta0.25O12 ,10.1149/2.024205esl,298.15,0.00063,-3.2006594505464183,Garnet,Oxides
836,Li5.4La3Nb1.8Y0.75O12,10.1021/jp304737x,298.15,2.51e-05,-4.600326278518962,Garnet,Oxides
847,"""(Li2O)50 (Al2O5)5 (P2O5)45""",10.1016/j.jeurceramsoc.2008.12.016,298.15,1.15e-08,-7.939302159646388,Glass,Oxides
852,"""(Li2O)50 (P2O5)50""",10.1016/j.jeurceramsoc.2008.12.016,298.15,1.32e-09,-8.87942606879415,Glass,Oxides
859,Li3.9Zn0.05GeS4,10.1016/S0167-2738(00)00277-0,298.15,2.84e-07,-6.546681659952962,Thio-LISICON,Sulphides
861,Li1.6Ti1.7Mg0.3P3O12,10.1016/0167-2738(86)90176-1,298.15,2.8e-06,-5.552841968657781,NASICON,Oxides
868,Li4.275Ge0.61Ga0.25S4,10.1016/S0167-2738(00)00277-0,298.15,6.34e-05,-4.1979107421182675,Thio-LISICON,Sulphides
869,Li1.4Ti1.6In0.4P3O12,10.1016/0167-2738(86)90176-1,298.15,0.00019,-3.721246399047171,NASICON,Oxides
870,Li1.8Cr0.8Ti1.2(PO4)3,10.1016/0167-2738(88)90291-3,298.15,0.00024,-3.619788758288394,NASICON,Oxides
889,"""((Li2S)0.6 (SiS2)0.4 )95 (Li4SiO4)5""",10.1149/1.1392498,298.15,0.00588,-2.2306226739238615,Glass,Sulphides and Other Anions
890,Li6La2Ca(Nb)2O12,10.1016/j.ssi.2008.01.047,298.15,2.11e-06,-5.675717544702307,Garnet,Oxides
901,Li5AlS4,10.1016/j.jssc.2017.09.018,298.15,1.26e-08,-7.8996294548824375,Thio-LISICON,Sulphides
903,LiMgPO4,10.1021/cm504518q,298.15,6.31e-12,-11.199970640755865,Olivine,Oxides
904,Li0.95Mg0.95In0.05PO4,10.1021/cm504518q,298.15,1.12e-10,-9.950781977329818,Olivine,Oxides
905,Li0.9Mg0.9In0.1PO4,10.1021/cm504518q,298.15,5.01e-10,-9.300162274132754,Olivine,Oxides
906,Li0.85Mg0.85In0.15PO4,10.1021/cm504518q,298.15,1.26e-09,-8.899629454882437,Olivine,Oxides
907,Li0.83Mg0.83In0.17PO4,10.1021/cm504518q,298.15,1.41e-09,-8.85078088734462,Olivine,Oxides
913,Li3AlS3,10.1021/acs.chemmater.9b03230,298.15,1.31e-08,-7.882728704344236,Other,Sulphides
915,Li6SiO4Cl2,10.1021/acs.chemmater.1c00157,298.15,1e-10,-10.0,Argyrodite,Oxides and Other Anions
917,LiTa2PO8,10.1039/C8TA09170F,298.15,0.0016,-2.795880017344075,Other,Oxides
2000,(YPO4)0.8(Li3PO4)0.2,10.1016/0167-2738(89)90457-8,298.15,1.41e-05,-4.85078088734462,Zircon,Oxides
2001, Li0.8La0.066Zr2(PO4)3,10.1007/s11581-009-0332-6,298.15,8.2e-06,-5.086186147616283,NASICON,Oxides
2003,Li3.09BO2.53N0.52,10.1016/j.jpowsour.2008.09.089,298.15,8.65e-07,-6.062983892535186,Glass,Oxides
2004,Li5Nd3Sb2O12,10.1016/j.ssi.2008.01.002,298.15,5.58e-07,-6.253365801062421,Garnet,Oxides
2005,Li5La3Sb2O12,10.1016/j.ssi.2008.01.002,298.15,2.06e-06,-5.686132779630847,Garnet,Oxides
2006,LiAlSi2O6,10.1016/j.ssi.2009.02.028,298.15,3.49e-09,-8.45717457304082,Glass,Oxides
2007,"""(Li2O)16.6 (SiO2)83.4""",10.1016/S0022-3093(99)00688-2,298.15,1.3e-09,-8.886056647693163,Glass,Oxides
2008,Li3Fe2P3O12,10.1016/0167-2738(90)90442-T,298.15,1.11e-08,-7.954677021213342,Glass-Ceramic,Sulphides and Other Anions
2009,Li2.9Sc1.9Zr0.1(PO4)3,10.1016/S0925-8388(96)02746-6,298.15,7.48e-05,-4.126098402135539,NASICON,Sulphides
2010,Li1.9Mg0.1TiO3.05,10.1016/j.ssi.2008.03.001,298.15,1.96e-07,-6.707743928643524,Rocksalt,Sulphides and Other Anions
2011,(YPO4)0.9(Li3PO4)0.1,10.1016/0167-2738(89)90457-8,298.15,4.64e-07,-6.333482019445119,Zircon,Oxides
2012,(YPO4)0.7(Li3PO4)0.3,10.1016/0167-2738(89)90457-8,298.15,6.57e-09,-8.18243463044022,Zircon,Oxides
2013,(YPO4)0.5(Li3PO4)0.5,10.1016/0167-2738(89)90457-8,298.15,6.68e-11,-10.175223537524454,Zircon,Oxides
2014,LiGaSiO4,10.1016/0167-2738(87)90048-8,298.15,1.08e-11,-10.96657624451305,Phenakite,Oxides
2015,Li0.68Ga0.68Si2.33O6,10.1016/0167-2738(87)90048-8,298.15,3.15e-11,-10.5016894462104,Phenakite,Oxides
2016,Li0.96Ga0.96Si2.04O6,10.1016/0167-2738(87)90048-8,298.15,2.35e-11,-10.628932137728263,Phenakite,Oxides
2017,Li4Al0.33Si0.33P0.33O4,10.1021/acsami.6b14402,298.15,3.25e-06,-5.488116639021126,LISICON,Oxides
2018,Li4Al0.33Si0.17Ge0.17P0.33O4,10.1021/acsami.6b14402,298.15,1.61e-06,-5.79317412396815,LISICON,Oxides
2019,Li4.25Si0.75Al0.25O4,10.1021/acsami.6b14402,298.15,2.02e-08,-7.694648630553377,LISICON,Oxides
2020,Li3.75Si0.75P0.25O4,10.1021/acsami.6b14402,298.15,5.54e-07,-6.2564902352715706,LISICON,Oxides
2021,LiCaTiNbO6,10.1021/cm9810382,298.15,6.07e-07,-6.2168113089247425,Perovskite,Oxides
2022,Li3Cr(MoO4)3,10.1039/B301189e,298.15,3.19e-09,-8.496209316942819,LISICON,Oxides
2023,Li2Mg2(MoO4)3,10.1039/B301189e,298.15,5.35e-12,-11.271646217978772,Lysonite,Oxides
2024,Li3Fe(MoO4)3,10.1039/B301189e,298.15,5.89e-10,-9.229884705212898,Lysonite,Oxides
2025,Li6FeCl8,10.1002/zaac.19875531020,298.15,8.97e-08,-7.047207556955908,Rocksalt,Halides
2026,Li4.8Si0.2Al0.8S4,10.1006/jssc.2002.9701,298.15,1.07e-06,-5.97061622231479,Thio-LISICON,Sulphides
2027,Li3.6Ge0.4P0.6S4,10.1149/1.1379028,298.15,0.000221356,-3.6549087016879542,Thio-LISICON,Sulphides
2028,Li3.35Ge0.35P0.65S4,10.1149/1.1379028,298.15,0.001830655,-2.7373934938816933,Thio-LISICON,Sulphides
2029,Li6NiCl8,10.1002/zaac.19875531020,298.15,2.69e-10,-9.570247719997592,Rocksalt,Halides
2030,Li6CoCl8,10.1002/zaac.19875531020,298.15,1.51e-06,-5.82102305270683,Rocksalt,Halides
2031,LiF,"Journal De Physique 26 339-341, 1965",298.15,1.18e-14,-13.928117992693874,Rocksalt,Halides
499,Li6PS5Cl,10.1016/j.ssi.2012.06.008,298.51,0.000537,-3.2700257143004445,Argyrodite,Sulphides and Other Anions
3,Li2.4OH0.6Cl,10.1002/aenm.201700971,299.15,8.9e-08,-7.050609993355087,Anti-Perovskite,Oxides and Other Anions
4,Li2.1OH0.9Cl,10.1002/aenm.201700971,299.15,8.05e-08,-7.094204119632131,Anti-Perovskite,Oxides and Other Anions
5,Li2OHCl,10.1002/aenm.201700971,299.15,7.11e-08,-7.148130399270234,Anti-Perovskite,Oxides and Other Anions
6,Li2.7OH0.3Cl,10.1002/aenm.201700971,299.15,7.3e-09,-8.136677139879543,Anti-Perovskite,Oxides and Other Anions
589,"""(Li2S)0.75 (P2S5)0.25""",10.1021/acsomega.8b00377,299.44,0.000181,-3.7423214251308154,Glass,Sulphides
829,Li1.5Al0.5Ge1.5(PO4)3,10.1016/j.jpowsour.2009.11.037,299.73,0.00443,-2.3535962737769305,NASICON,Oxides
22,La0.57Li0.29TiO3,10.1016/j.jpowsour.2012.11.098,300.0,0.0016,-2.795880017344075,Perovskite,Oxides
45,Li6.5La2.9Ba0.1Zr1.4Ta0.6O12,10.3389/fenrg.2016.00028,300.0,0.00083,-3.0809219076239263,Garnet,Oxides
46,Li6.5La3Zr1.5Ta0.5O12,10.3389/fenrg.2016.00028,300.0,0.000794,-3.1001794975729036,Garnet,Oxides
18,Li3.4Si0.4P0.6S4,10.1006/jssc.2002.9701,300.15,0.00064,-3.193820026016113,Thio-LISICON,Sulphides
221,Li6CaLa2Ta2O12,10.1016/j.ssi.2008.10.022,300.15,2.24e-06,-5.649751981665837,Garnet,Oxides
300,Li3.2Ge0.2P0.8S4,10.1149/1.1379028,300.15,0.00054,-3.2676062401770314,Thio-LISICON,Sulphides
505,"""(Li2O)50((SeO2)0.5 (B2O3)0.5)50""",10.1016/S0167-2738(02)00137-6,300.15,7.54e-07,-6.122628654130226,Glass,Oxides
587,LiBH4,10.1021/acsomega.8b00377,300.15,9.89e-08,-7.004803708402821,Other,Other
603,Li0.34La0.51TiO2.94,10.1016/0038-1098(93)90841-A,300.15,0.00102,-2.9913998282380825,Perovskite,Oxides
606,Li0.10La0.63TiO3,10.1016/0167-2738(94)90309-3,300.15,7.9e-05,-4.102372908709558,Perovskite,Oxides
608,(La0.5Li0.5)0.75(La0.5Na0.5)0.25TiO3,10.1016/0167-2738(94)90309-3,300.15,0.000158,-3.8013429130455774,Perovskite,Oxides
655,Li0.067La0.64TiO2.99,10.1016/0167-2738(94)90309-3,300.15,7.9e-05,-4.102372908709558,Perovskite,Oxides
660,Li0.10La0.66Ti0.90Al0.10O3,10.1021/cm011149s,300.15,7.34e-06,-5.13430394008393,Perovskite,Oxides
661,Li0.06La0.66Ti0.93Al0.06O3,10.1021/cm011149s,300.15,1.68e-06,-5.774690718274137,Perovskite,Oxides
775,Li7La3Zr2O12 ,10.1016/j.jssc.2009.05.020,300.15,1.52e-06,-5.818156412055227,Garnet,Oxides
776,Li7La3Hf2O12,10.1016/j.jssc.2009.10.030,300.15,9.73e-07,-6.011887159731648,Garnet,Oxides
785,Li6.6La2.75Y0.25Zr1.6Ta0.4O12,10.1021/am503731h,300.15,0.000436,-3.360513510731414,Garnet,Oxides
786,Li6.6La2.875Y0.125Zr1.6Ta0.4O12 ,10.1021/am503731h,300.15,0.000317,-3.4989407377822483,Garnet,Oxides
787,Li6.6La2.5Y0.5Zr1.6Ta0.4O12 ,10.1021/am503731h,300.15,0.000226,-3.6458915608525992,Garnet,Oxides
821,Li10SiP2S12,10.1149/2.0501412jes,300.15,0.0023,-2.638272163982407,Thio-LISICON,Sulphides
832,Li1.5Al0.5Ge1.5(PO4)3,10.1149/1.2988731,301.09,0.00526,-2.279014255846261,NASICON,Oxides
185,"""(Li2S)0.5 ((Ga2S3)0.1 (GeS2)0.9)0.5""",10.1016/j.ssi.2007.10.011,301.15,6.7e-05,-4.173925197299174,Glass,Sulphides
235,Li0.24La0.59TiO3,10.1016/j.ssi.2009.08.002,302.15,7.6e-05,-4.119186407719209,Perovskite,Oxides
867,Li7La3Zr2O12,10.1016/j.jpowsour.2012.02.031,302.15,2.3e-05,-4.638272163982407,Garnet,Oxides
669,Li3O(Cl0.5Br0.5),10.1021/ja305709z,302.76,0.000938,-3.0277971616209354,Anti-Perovskite,Oxides and Other Anions
23,Li6.5La3Zr1.75Te0.25O12,10.1016/j.jpowsour.2013.03.166,303.0,0.000107,-3.9706162223147903,Garnet,Oxides
64,Li0.022 La0.117 Ti0.208 Al0.001 O0.626,10.1007/BF02378009,303.15,0.00126,-2.899629454882437,Perovskite,Oxides
106,"""(LiCl)0.5 (P2O5)0.5""",10.1007/s11581-008-0276-2,303.15,6.83e-08,-7.165579296318468,Glass,Oxides and Other Anions
115,Li0.5La0.5TiO3,10.1016/j.jallcom.2009.07.091,303.15,5.8e-06,-5.236572006437063,Perovskite,Oxides
228,Li7La3Ta2O13,10.1016/j.ssi.2009.07.002,303.15,2.65e-06,-5.576754126063192,Garnet,Oxides
268,Li9SiAlO8,10.1149/1.1836980,303.15,2.3e-07,-6.638272163982407,Glass,Oxides
350,Li1.2Al1.1Ta0.9(PO4)3,10.1039/A807007E,303.15,6.5e-07,-6.187086643357144,NASICON,Oxides
351,LiAlTa(PO4)3,10.1039/A807007E,303.15,6.5e-07,-6.187086643357144,NASICON,Oxides
446,LiCrSb(PO4)3,10.1063/1.2357843,303.15,3.57e-10,-9.447331783887806,NASICON,Oxides
448,LiAlSb(PO4)3,10.1063/1.2357843,303.15,3.17e-08,-7.498940737782249,NASICON,Oxides
449,LiFeSb(PO4)3,10.1063/1.2357843,303.15,1.37e-06,-5.863279432843593,NASICON,Oxides
495,LiFePO4 ,10.1016/j.ssi.2008.06.028,303.15,1.1e-09,-8.958607314841775,Olivine,Oxides
534,LiTi2P3O12,10.1016/0167-2738(94)90332-8,303.15,4e-07,-6.3979400086720375,NASICON,Oxides
535,LiZr2P3O12,10.1016/0167-2738(94)90332-8,303.15,5e-08,-7.301029995663981,NASICON,Oxides
540,Li3.8Ge0.8P0.2O4,10.1021/acs.chemmater.8b01504,303.15,1.03e-06,-5.987162775294828,LISICON,Oxides
541,Li3PO4,10.1021/acs.chemmater.8b01504,303.15,1.75e-13,-12.756961951313706,LISICON,Oxides
542,Li3VO4,10.1021/acs.chemmater.8b01504,303.15,9.2e-14,-13.036212172654444,LISICON,Oxides
543,Li3.2Ge0.2P0.8O4,10.1021/acs.chemmater.8b01504,303.15,1.14e-06,-5.943095148663527,LISICON,Oxides
544,Li3V0.6P0.4O4,10.1021/acs.chemmater.8b01504,303.15,3.55e-13,-12.449771646944907,LISICON,Oxides
546,Li3P0.2V0.8O4,10.1021/acs.chemmater.8b01504,303.15,1.31e-13,-12.882728704344236,LISICON,Oxides
547,Li3.6Ge0.6P0.4O4,10.1021/acs.chemmater.8b01504,303.15,1.1e-05,-4.958607314841775,LISICON,Oxides
548,Li3.4Ge0.4P0.6O4,10.1021/acs.chemmater.8b01504,303.15,4.5e-06,-5.346787486224656,LISICON,Oxides
549,Li3.2Ge0.2V0.8O4,10.1021/acs.chemmater.8b01504,303.15,1.9e-05,-4.721246399047171,LISICON,Oxides
550,Li3.6Ge0.6V0.4O4,10.1021/acs.chemmater.8b01504,303.15,3.19e-05,-4.496209316942819,LISICON,Oxides
551,Li3.8Ge0.8V0.2O4,10.1021/acs.chemmater.8b01504,303.15,2.71e-06,-5.567030709125595,LISICON,Oxides
553,Li3.4Ge0.4V0.6O4,10.1021/acs.chemmater.8b01504,303.15,8.89e-07,-6.051098239029787,LISICON,Oxides
554,Li3P0.6V0.4O4,10.1021/acs.chemmater.8b01504,303.15,3.2e-13,-12.494850021680094,LISICON,Oxides
555,Li4GeO4,10.1021/acs.chemmater.8b01504,303.15,1.3e-12,-11.886056647693163,LISICON,Oxides
556,Li3P0.8V0.2O4,10.1021/acs.chemmater.8b01504,303.15,2.05e-13,-12.688246138944246,LISICON,Oxides
641,Li0.3Sr0.6Ti0.45Fe0.05Ta0.5O3,10.1149/1.1629102,303.15,6e-05,-4.221848749616356,Perovskite,Oxides
642,Li0.3Sr0.6Ti0.5Ta0.5O3,10.1149/1.1629102,303.15,0.00017,-3.769551078621726,Perovskite,Oxides
643,Li0.3Sr0.6Ti0.5Nb0.5O3,10.1149/1.1629102,303.15,5.4e-06,-5.267606240177032,Perovskite,Oxides
651,LiSr2Ti2TaO9,10.1021/cm9810382,303.15,3.2e-05,-4.494850021680094,Perovskite,Oxides
654,LiBa2Ti2NbO9,10.1021/cm9810382,303.15,1e-07,-7.0,Perovskite,Oxides
683,Li0.36La0.55TiO3,10.1021/cm9810382,303.15,2e-05,-4.698970004336019,Perovskite,Oxides
771,Li6.75La3Zr1.875Te0.125O12 ,10.1016/j.jpowsour.2013.03.166,303.15,3.77e-05,-4.423658649794207,Garnet,Oxides
779,Li2.2Zn0.1Zr0.9S3,10.1016/j.ssi.2008.01.055,303.15,0.00012,-3.9208187539523753,Thio-LISICON,Sulphides
802,Li6.7La3Zr1.7Ta0.3O12,10.1016/j.ceramint.2018.09.245,303.15,0.00103,-2.9871627752948275,Garnet,Oxides
806,Li6.6La3Zr1.6Sb0.4O12,10.1039/C3CP50991E,303.15,0.00077,-3.113509274827518,Garnet,Oxides
807,Li6.4La3Zr1.4Sb0.6O12 ,10.1039/C3CP50991E,303.15,0.00066,-3.1804560644581312,Garnet,Oxides
809,Li6La3ZrSbO12 ,10.1039/C3CP50991E,303.15,0.00026,-3.5850266520291822,Garnet,Oxides
810,Li6.8La3Zr1.8Sb0.2O12 ,10.1039/C3CP50991E,303.15,5.9e-05,-4.229147988357856,Garnet,Oxides
840,Li6SrLa2Ta2O12,10.1002/adfm.200400044,303.15,7e-06,-5.154901959985743,Garnet,Oxides
853,"""(Li2S)9(LaOI)""",10.1016/j.ssi.2008.01.072,303.15,8.13e-09,-8.089909454405932,Glass,Sulphides and Other Anions
855,"""(AgI)0.5(LiPO3)0.5""",10.1016/j.ssi.2008.04.015,303.15,4.1e-08,-7.3872161432802645,Glass,Oxides and Other Anions
857,"""(Li2S)2(LaOI)5""",10.1016/j.ssi.2008.01.072,303.15,6.92e-08,-7.1598939055432425,Glass,Sulphides and Other Anions
858,"""(Li2S)(LaOI)""",10.1016/j.ssi.2008.01.072,303.15,2.75e-07,-6.560667306169737,Glass,Sulphides and Other Anions
862,"""(Li2S)7(LaOI)3""",10.1016/j.ssi.2008.01.072,303.15,2.88e-06,-5.540607512240769,Glass-Ceramic,Sulphides and Other Anions
893,Li4.4Al0.4Ge0.6S4,10.1021/acs.chemmater.8b03175,303.15,4.33e-05,-4.363512103646634,Thio-LISICON,Sulphides
894,Li4.4Al0.4Sn0.6S4,10.1021/acs.chemmater.8b03175,303.15,4.39e-06,-5.357535479757878,Thio-LISICON,Sulphides
895,Li4.4Ga0.4Ge0.6S4,10.1021/acs.chemmater.8b03175,303.15,1.63e-05,-4.787812395596042,Thio-LISICON,Sulphides
896,Li4.4Ga0.4Sn0.6S4,10.1021/acs.chemmater.8b03175,303.15,3.2e-06,-5.494850021680094,Thio-LISICON,Sulphides
927,Li0.022 La0.118 Ti0.2 Al0.004 O0.631,10.1007/BF02378009,303.15,0.000891,-3.050122295963125,Perovskite,Oxides
930,Li2ZrS3,10.1016/j.ssi.2008.01.055,303.15,7.3e-06,-5.136677139879544,Thio-LISICON,Sulphides
931,Li0.022 La0.115 Ti0.165 Al0.055 O0.618,10.1007/BF02378009,303.15,0.000525,-3.279840696594043,Perovskite,Oxides
613,Li0.34La0.56TiO3,10.1016/S0167-2738(98)00070-8,298.15,0.001109,-2.95506845385084,Perovskite,Oxides
26,Li1.3Al0.3Ti1.7(PO4)3,10.1016/j.ssi.2014.07.018,298.0,0.003705,-2.431211787684653,NASICON,Oxides
98,Li1.3Al0.3Ti1.7(PO4)3,10.1007/s11581-007-0197-5,298.15,0.00216,-2.665546248849069,NASICON,Oxides
361,Li1.3Cr0.3Ge1.7(PO4)3,10.1016/0167-2738(88)90368-2,298.15,3.065e-05,-4.513569521145566,NASICON,Oxides
339,Li1.3In0.3Hf1.7(PO4)3,10.1016/0167-2738(86)90179-7,298.15,7.6e-05,-4.119186407719209,NASICON,Oxides
335,Li1.3Sc0.3Ti1.7(PO4)3,10.1016/0167-2738(86)90179-7,298.15,0.000681,-3.166852888087215,NASICON,Oxides
158,Li1.4S2.2P0.6,10.1016/j.jpowsour.2008.09.044,298.15,4.64e-05,-4.333482019445119,Glass,Sulphides
249,Li1.5Al0.5Ge1.5(PO4)3,10.1016/S0167-2738(97)00434-7,298.15,0.00028,-3.552841968657781,NASICON,Oxides
37,Li10GeP2S12,10.1016/j.ssi.2015.02.014,298.15,0.007015,-2.153972324635621,Thio-LISICON,Sulphides
44,Li3.25Ge0.25P0.75S4,10.1016/j.ssi.2015.02.014,298.15,0.002115,-2.674689628288939,Thio-LISICON,Sulphides
502,Li4P2S6,10.1016/j.ssi.2015.10.015,298.15,1.2858e-07,-6.8908265785745275,Glass,Sulphides
561,Li6PS5Br,10.1021/acsaem.8b00280,298.15,0.000442,-3.354577730650908,Argyrodite,Sulphides and Other Anions
17,Li7La3Zr2O12,10.1002/anie.200701144,298.0,0.00025631499999999996,-3.59122597740293,Garnet,Oxides
717,Li7P3S11,10.1021/acs.chemmater.7b04842,298.15,0.0020315000000000003,-2.6921831733375696,Thio-LISICON,Sulphides
387,LiZr2(PO4)3,10.1016/0167-2738(90)90188-W,298.15,1.675e-06,-5.775985188627136,NASICON,Oxides
