ID,composition,source,temperature,target,log10_target,family,ChemicalFamily,log10_predict,Ionic_Conductivity,Residue_Square,,,,,,,
289,Li6Sr0.5Ba0.5La2Ta2O12,10.1149/1.2800764,293.15,8.08E-06,-5.092588639,Garnet,Oxides,-4.417232517,3.83E-05,0.456105892,,,,,,,
169,Li1.4Al0.4(Ge0.67Ti0.33)1.6(PO4)3,10.1016/j.ssi.2004.05.009,294.15,6.76E-04,-3.170053304,NASICON,Oxides,-2.560133908,0.00275338,0.37200167,,,,,,,
172,Li1.4Al0.4Ti1.6(PO4)3,10.1016/j.ssi.2006.04.010,294.15,9.17E-04,-3.037630664,NASICON,Oxides,-2.161253026,0.006898378,0.768037765,,,,,,R2,0.863295422
189,"""(Li2S)0.4 ((Ga2S3)0.1 (GeS2)0.9)0.6""",10.1016/j.ssi.2007.10.011,294.15,2.87E-06,-5.542118103,Glass,Sulphides,-5.076436975,8.39E-06,0.216858913,,,,,,RMSE,0.834385996
248,Li1.076Al0.6923Ti1.462(PO4)3,10.1016/S0167-2738(97)00018-0,294.15,8.25E-04,-3.083546051,NASICON,Oxides,-2.189639821,0.006461899,0.799068348,,,,,,Mean,-5.035592943
891,Li6MgLa2Ta2O12,10.1149/1.2800764,294.25,1.92E-07,-6.716698771,Garnet,Oxides,-6.037502256,9.17E-07,0.461307906,,,,,,,2.256708566
250,LiGe2(PO4)3,10.1016/S0167-2738(97)00434-7,294.38,1.00E-06,-6,NASICON,Oxides,-5.497029351,3.18E-06,0.252979473,,,,,,,
99,Li1.3Al0.3Ti1.7(PO4)3,10.1007/s11581-007-0197-5,294.57,3.33E-07,-6.477555766,NASICON,Oxides,-5.949503915,1.12E-06,0.278838758,,,,,,,
759,Li6BaLa2Ta2O12 ,10.1002/adfm.200400044,295.15,4.00E-05,-4.397940009,Garnet,Oxides,-3.944421876,0.000113652,0.205678697,,,,,,,
760,Li6SrLa2Ta2O12,10.1002/adfm.200400044,295.15,7.00E-06,-5.15490196,Garnet,Oxides,-4.524388013,2.99E-05,0.397547837,,,,,,,
814,Li6BaLa2Nb2O12 ,10.1111/j.1551-2916.2005.00060.x,295.15,6.00E-06,-5.22184875,Garnet,Oxides,-4.462729583,3.45E-05,0.57626191,,,,,,,
815,Li6SrLa2Nb2O12 ,10.1111/j.1551-2916.2005.00060.x,295.15,4.20E-06,-5.37675071,Garnet,Oxides,-4.708851924,1.96E-05,0.446088788,,,,,,,
816,Li6CaLa2Nb2O12,10.1111/j.1551-2916.2005.00060.x,295.15,1.60E-06,-5.795880017,Garnet,Oxides,-4.95904411,1.10E-05,0.700294335,,,,,,,
2,Li2OHBr,10.1002/aenm.201700971,295.21,5.40E-07,-6.26760624,Anti-Perovskite,Oxides and Other Anions,-5.158716363,6.94E-06,1.22963676,,,,,,,
79,Li0.24La0.59TiO3,10.1007/s10717-007-0032-5,296.15,1.66E-04,-3.779891912,Perovskite,Oxides,-2.763105837,0.001725417,1.033853923,,,,,,,
326,LiHfTi(PO4)3,10.1016/0025-5408(89)90129-3,296.15,5.63E-07,-6.249491605,NASICON,Oxides,-5.300891097,5.00E-06,0.899842923,,,,,,,
153,"""(LiCl)0.25 ((Li2O)0.6 (P2O5)0.4)0.75""",10.1016/j.jpowsour.2008.07.089,296.81,2.45E-06,-5.610833916,Glass,Oxides and Other Anions,-4.702418511,1.98E-05,0.825218549,,,,,,,
790,Li6.4La3Zr2Ga0.2O12 ,10.1021/cm5008069,297.15,9.00E-04,-3.045757491,Garnet,Oxides,-2.016244648,0.009632862,1.059896693,,,,,,,
795,Li6La3Nb1.5Y0.5O12 ,10.1021/jp304737x,297.15,1.88E-04,-3.725842151,Garnet,Oxides,-2.681306791,0.002083019,1.091054118,,,,,,,
17,Li7La3Zr2O12,10.1002/anie.200701144,298,5.11E-04,-3.2915791,Garnet,Oxides,-2.825545108,0.001494359,0.217187682,,,,,,,
21, Li6.4Al0.19La3Zr2O11.8,10.1016/j.jpowsour.2012.02.100,298,3.10E-04,-3.508638306,Garnet,Oxides,-2.997040306,0.001006838,0.261732514,,,,,,,
24,Li7La3Zr2O12,10.1016/j.jssc.2009.05.020,298,1.63E-06,-5.787812396,Garnet,Oxides,-5.17133664,6.74E-06,0.380042357,,,,,,,
25,Li9.6P3S12,10.1038/nenergy.2016.30,298,1.58E-03,-2.801342913,Thio-LISICON,Sulphides,-1.927373304,0.011820251,0.763822878,,,,,,,
26,Li1.3Al0.3Ti1.7(PO4)3,10.1016/j.ssi.2014.07.018,298,6.20E-03,-2.207608311,NASICON,Oxides,-1.833110856,0.014685514,0.140248344,,,,,,,
27,Li1.3Al0.3Ti1.7(PO4)3,10.1016/j.ssi.2016.07.010,298,1.21E-03,-2.91721463,NASICON,Oxides,-1.892108019,0.012820117,1.050843563,,,,,,,
30,Li1.6Al0.6Ge0.8(PO4)3,10.1021/cm021717j,298,7.00E-04,-3.15490196,NASICON,Oxides,-2.881035177,0.001315118,0.075003015,,,,,,,
31,Li6.55La3Zr2Ga0.9O12,10.1021/cm5008069,298,1.30E-03,-2.886056648,Garnet,Oxides,-2.467274172,0.003409776,0.175378762,,,,,,,
35,LiTi2(PO4)3,10.1021/jp973296c,298,3.83E-07,-6.416801226,NASICON,Oxides,-5.562344376,2.74E-06,0.730096508,,,,,,,
36,Li9.54Si1.74P1.44S11.7Cl0.3,10.1038/nenergy.2016.30,298,2.50E-02,-1.602059991,Thio-LISICON,Sulphides and Other Anions,-1.276644161,0.052887841,0.105895462,,,,,,,
39,Li7P3S11,10.1039/C3EE41655K,298,3.20E-03,-2.494850022,Thio-LISICON,Sulphides,-2.175165388,0.006680894,0.102198265,,,,,,,
40,Li1.4Al0.4Ti1.6(PO4)3,10.1039/C5TA08545D,298,5.63E-03,-2.249491605,NASICON,Oxides,-1.732613595,0.018509147,0.267162877,,,,,,,
8,Li6PO5Cl,10.1002/zaac.201000121,298.15,1.00E-09,-9,Argyrodite,Oxides and Other Anions,-8.281847955,5.23E-09,0.515742359,,,,,,,
20,Li7.06La3Zr1.94Y0.06O12,10.1016/j.elecom.2011.08.014,298.15,9.56E-04,-3.019542108,Garnet,Oxides,-2.33724641,0.004599955,0.46552742,,,,,,,
29,Li1.2Ti1.8Sc0.2(PO4)3,10.1021/acs.inorgchem.6b02274,298.15,2.31E-04,-3.63638802,NASICON,Oxides,-3.019665525,0.000955728,0.380346636,,,,,,,
37,Li10GeP2S12,10.1016/j.ssi.2015.02.014,298.15,2.03E-03,-2.692503962,Thio-LISICON,Sulphides,-1.824309424,0.014986167,0.753761756,,,,,,,
41,Li6.46Al0.15La3Zr1.95O11.86,10.1016/j.ensm.2019.08.017,298.15,8.30E-05,-4.080921908,Garnet,Oxides,-3.029157305,0.000935067,1.106208779,,,,,,,
44,Li3.25Ge0.25P0.75S4,10.1016/j.ssi.2015.02.014,298.15,2.03E-03,-2.692503962,Thio-LISICON,Sulphides,-1.885192327,0.013025898,0.651752076,,,,,,,
60,La0.55Li0.36Ti0.992Al0.008O3,10.1007/BF02375549,298.15,6.54E-04,-3.184422252,Perovskite,Oxides,-2.139535642,0.00725211,1.091788027,,,,,,,
83,Li0.33La0.56Ti0.96Al0.04O2.96F0.04,10.1007/s11581-006-0011-9,298.15,6.22E-04,-3.206209615,Perovskite,Oxides and Other Anions,-2.791977651,0.001614442,0.17158812,,,,,,,
86,"""(Li2S)0.4 ((P2S5)0.4 (Sb2S3)0.6)0.6""",10.1007/s11581-006-0054-y,298.15,1.60E-07,-6.795880017,Glass,Sulphides,-5.960195415,1.10E-06,0.698368754,,,,,,,
98,Li1.3Al0.3Ti1.7(PO4)3,10.1007/s11581-007-0197-5,298.15,5.20E-07,-6.283996656,NASICON,Oxides,-5.486811221,3.26E-06,0.635504618,,,,,,,
103,LiP0.9I0.1O2.7,10.1007/s11581-008-0252-x,298.15,3.98E-04,-3.400116928,Glass,Oxides and Other Anions,-3.148464552,0.000710453,0.063328918,,,,,,,
122,"""(Li2O)50 (Al2O3)2 (P2O5)48""",10.1016/j.jeurceramsoc.2008.12.016,298.15,3.16E-09,-8.500312917,Glass,Oxides,-7.549550313,2.82E-08,0.903949529,,,,,,,
128,"""(Li2O)50 (Al2O3)3 (P2O5)47""",10.1016/j.jeurceramsoc.2008.12.016,298.15,5.75E-09,-8.240332155,Glass,Oxides,-6.904358631,1.25E-07,1.784825256,,,,,,,
129,"""(Li2O)50 (Al2O3)4 (P2O5)46""",10.1016/j.jeurceramsoc.2008.12.016,298.15,9.12E-09,-8.040005162,Glass,Oxides,-6.699213332,2.00E-07,1.797722733,,,,,,,
134,"""(LiI)0.3 ((Li2S)0.3 ((Ga2S3)0.1 (GeS2)0.9)0.7)0.7""",10.1016/j.ssi.2007.10.011,298.15,2.91E-04,-3.536107011,Glass,Sulphides and Other Anions,-3.107283565,0.000781118,0.183889548,,,,,,,
135,"""(Li2S)0.3 ((Ga2S3)0.1 (GeS2)0.9)0.7""",10.1016/j.ssi.2007.10.011,298.15,1.89E-06,-5.7242281,Glass,Sulphides and Other Anions,-4.817561907,1.52E-05,0.822043585,,,,,,,
147,"""(Li2S)0.7 (P2S5)0.3""",10.1016/j.jpowsour.2006.04.037,298.15,3.20E-03,-2.494850022,Glass,Sulphides,-1.721341167,0.018995854,0.598315949,,,,,,,
149,"""(Li2S)0.8 (P2S5)0.2""",10.1016/j.jpowsour.2006.04.037,298.15,1.12E-03,-2.950781977,Glass,Sulphides,-1.915645253,0.012143804,1.071508037,,,,,,,
150,"""(Li2S)0.875 (P2S5)0.125""",10.1016/j.jpowsour.2006.04.037,298.15,2.10E-04,-3.677780705,Glass,Sulphides,-3.086709918,0.000819012,0.349364676,,,,,,,
158,Li1.4S2.2P0.6,10.1016/j.jpowsour.2008.09.044,298.15,2.00E-03,-2.698970004,Glass,Sulphides,-1.873836064,0.013371001,0.680846019,,,,,,,
160,Li1.4S2.2P0.6,10.1016/j.jpowsour.2008.09.044,298.15,4.33E-05,-4.363512104,Glass,Sulphides,-3.815725499,0.000152853,0.300070165,,,,,,,
181,Li1.4S2.2P0.6,10.1016/j.ssi.2006.07.017,298.15,4.64E-05,-4.333482019,Glass,Sulphides,-3.792478647,0.000161258,0.292684649,,,,,,,
197,Li6La2SrNb2O12,10.1016/j.ssi.2008.01.047,298.15,6.21E-07,-6.2069084,Garnet,Oxides,-4.930521722,1.17E-05,1.629162951,,,,,,,
220,Li6BaLa2Ta2O12 ,10.1016/j.ssi.2008.10.022,298.15,1.28E-05,-4.89279003,Garnet,Oxides,-4.060178777,8.71E-05,0.693241498,,,,,,,
239,Li5La3Ta2O12,10.1016/j.ssi.2009.11.015,298.15,1.51E-06,-5.821023053,Garnet,Oxides,-5.353600442,4.43E-06,0.218483897,,,,,,,
246,Li4.2Ge0.8Ga0.2S4,10.1016/S0167-2738(00)00277-0,298.15,6.50E-05,-4.187086643,Thio-LISICON,Sulphides,-3.852374963,0.000140483,0.112031909,,,,,,,
249,Li1.5Al0.5Ge1.5(PO4)3,10.1016/S0167-2738(97)00434-7,298.15,2.18E-04,-3.661543506,NASICON,Oxides,-3.003790308,0.00099131,0.432639269,,,,,,,
252,Li4Nd3TeSbO12,10.1021/cm703677q,298.15,8.70E-09,-8.060480747,Garnet,Oxides,-6.765298639,1.72E-07,1.677496694,,,,,,,
255,"""(Li2O)50 (LiF)20 (P2O5)30""",10.1134/S1023193509050048,298.15,4.40E-07,-6.356547324,Glass,Oxides and Other Anions,-5.459365537,3.47E-06,0.804935159,,,,,,,
301,Li6.75La3Zr1.75Ta0.25O12,10.1016/j.jpowsour.2012.01.131,298.15,8.96E-04,-3.04769199,Garnet,Oxides,-2.805577902,0.001564668,0.058619232,,,,,,,
302,"""(Li2S)50 (P2S5)17 (LiBH4)33""",10.1016/j.jpowsour.2012.12.001,298.15,1.43E-03,-2.844663963,Glass,Sulphides and Other Anions,-2.011867206,0.009730447,0.693550438,,,,,,,
310,Li1.3Al0.1Sc0.2Ti1.7(PO4)3,10.1007/s10008-012-1780-x,298.15,4.26E-04,-3.370590401,NASICON,Oxides,-3.1216855,0.000755639,0.06195365,,,,,,,
311,Li1.3Al0.2Sc0.1Ti1.7(PO4)3,10.1007/s10008-012-1780-x,298.15,2.69E-04,-3.57024772,NASICON,Oxides,-2.688705519,0.002047833,0.777116652,,,,,,,
312,Li1.15Fe0.15Ti1.85(PO4)3,10.1007/s11164-013-1348-0,298.15,5.22E-04,-3.282329497,NASICON,Oxides,-2.604525982,0.002485845,0.459417604,,,,,,,
313,LiTi2(PO4)3,10.1007/s11164-013-1348-0,298.15,7.20E-05,-4.142667504,NASICON,Oxides,-3.245028496,0.000568816,0.805755789,,,,,,,
327,Li0.2Zr1.2Nb0.8(PO4)3,10.1016/0025-5408(89)90129-3,298.15,2.38E-07,-6.623423043,NASICON,Oxides,-5.656432391,2.21E-06,0.935070921,,,,,,,
332,Li1.6Ga0.6Ti1.4(PO4)3,10.1016/0167-2738(86)90176-1,298.15,1.30E-05,-4.886056648,NASICON,Oxides,-4.425156331,3.76E-05,0.212429102,,,,,,,
333,Li1.2Sc0.2Ti1.8(PO4)3,10.1016/0167-2738(86)90179-7,298.15,2.46E-04,-3.609064893,NASICON,Oxides,-2.650296075,0.002237195,0.919237646,,,,,,,
334,Li1.8Sc0.8Ti1.2(PO4)3,10.1016/0167-2738(86)90179-7,298.15,8.80E-04,-3.055517328,NASICON,Oxides,-2.490686412,0.003230826,0.319033964,,,,,,,
335,Li1.3Sc0.3Ti1.7(PO4)3,10.1016/0167-2738(86)90179-7,298.15,5.68E-04,-3.245651664,NASICON,Oxides,-2.837995853,0.001452125,0.16618326,,,,,,,
336,Li1.1Sc0.1Ti1.9(PO4)3,10.1016/0167-2738(86)90179-7,298.15,1.58E-04,-3.801342913,NASICON,Oxides,-3.373802487,0.000422861,0.182790815,,,,,,,
337,Li1.2Sc0.2Ti1.6Zr0.2(PO4)3,10.1016/0167-2738(86)90179-7,298.15,1.20E-04,-3.920818754,NASICON,Oxides,-3.287271008,0.000516094,0.401382746,,,,,,,
339,Li1.3In0.3Hf1.7(PO4)3,10.1016/0167-2738(86)90179-7,298.15,1.00E-05,-5,NASICON,Oxides,-4.123187852,7.53E-05,0.768799542,,,,,,,
340,LiTi0.2Zr1.8(PO4)3,10.1016/0167-2738(86)90179-7,298.15,5.60E-08,-7.251811973,NASICON,Oxides,-6.481022136,3.30E-07,0.594116973,,,,,,,
341,Li1.2Sc0.2Ti0.2Zr1.5(PO4)3,10.1016/0167-2738(86)90179-7,298.15,3.10E-07,-6.508638306,NASICON,Oxides,-5.9284297,1.18E-06,0.336642026,,,,,,,
342,LiTi1.8Zr0.2(PO4)3,10.1016/0167-2738(86)90179-7,298.15,8.50E-08,-7.070581074,NASICON,Oxides,-6.354343047,4.42E-07,0.512996911,,,,,,,
343,LiTi0.5Zr1.5(PO4)3,10.1016/0167-2738(86)90179-7,298.15,6.20E-08,-7.207608311,NASICON,Oxides,-6.395938718,4.02E-07,0.658807529,,,,,,,
346,LiTiZr(PO4)3,10.1016/0167-2738(86)90179-7,298.15,4.00E-08,-7.397940009,NASICON,Oxides,-6.310660442,4.89E-07,1.182176857,,,,,,,
348,LiTi0.1Zr1.9(PO4)3,10.1016/0167-2738(86)90179-7,298.15,3.20E-08,-7.494850022,NASICON,Oxides,-6.184721794,6.54E-07,1.716435974,,,,,,,
358,Li1.5Cr0.5Ti1.5(PO4)3,10.1149/1.2086597,298.15,3.91E-04,-3.407823243,NASICON,Oxides,-3.095437147,0.000802718,0.097585073,,,,,,,
359,Li1.6Cr0.6Ti1.4(PO4)3,10.1149/1.2086597,298.15,1.47E-04,-3.832682665,NASICON,Oxides,-3.218183834,0.000605085,0.377608814,,,,,,,
360,Li1.3Cr0.3Ti1.7 (PO4)3,10.1149/1.2086597,298.15,3.53E-05,-4.452225295,NASICON,Oxides,-3.980716542,0.00010454,0.222320504,,,,,,,
361,Li1.3Cr0.3Ge1.7(PO4)3,10.1016/0167-2738(88)90368-2,298.15,3.69E-05,-4.432973634,NASICON,Oxides,-3.812705096,0.00015392,0.384733059,,,,,,,
362,Li3Al0.4Sc1.6(PO4)3,10.1016/0167-2738(93)90015-U,298.15,1.28E-05,-4.89279003,NASICON,Oxides,-4.305552709,4.95E-05,0.344847671,,,,,,,
363,Li1.2Fe0.2Hf1.8(PO4)3,10.1016/0167-2738(93)90387-I,298.15,1.70E-04,-3.769551079,NASICON,Oxides,-2.8803844,0.00131709,0.790617384,,,,,,,
364,Li1.2In0.2Hf1.8(PO4)3,10.1016/0167-2738(93)90387-I,298.15,1.32E-04,-3.879426069,NASICON,Oxides,-2.856970835,0.001390046,1.045414706,,,,,,,
365,Li1.3In0.3Hf1.7(PO4)3,10.1016/0167-2738(93)90387-I,298.15,1.42E-04,-3.847711656,NASICON,Oxides,-3.444653918,0.000359208,0.16245554,,,,,,,
366,Li1.4In0.4Hf1.6(PO4)3,10.1016/0167-2738(93)90387-I,298.15,1.42E-04,-3.847711656,NASICON,Oxides,-2.808816779,0.001553042,1.079302565,,,,,,,
367,Li1.1Fe0.1Hf1.9(PO4)3,10.1016/0167-2738(93)90387-I,298.15,1.07E-04,-3.970616222,NASICON,Oxides,-3.292738842,0.000509637,0.459517742,,,,,,,
368,Li1.2Lu0.2Hf1.8(PO4)3,10.1016/0167-2738(93)90387-I,298.15,9.79E-05,-4.009217308,NASICON,Oxides,-3.608191089,0.000246495,0.160822028,,,,,,,
369,Li1.2Y0.2Hf1.8(PO4)3,10.1016/0167-2738(93)90387-I,298.15,3.19E-05,-4.496209317,NASICON,Oxides,-3.968565155,0.000107507,0.278408362,,,,,,,
370,Li1.1Y0.1Hf1.9(PO4)3,10.1016/0167-2738(93)90387-I,298.15,9.18E-05,-4.037157319,NASICON,Oxides,-3.140898131,0.000722939,0.803280532,,,,,,,
371,Li1.2Sc0.2Hf1.8(PO4)3,10.1016/0167-2738(93)90387-I,298.15,5.86E-05,-4.232102384,NASICON,Oxides,-3.564920756,0.00027232,0.445131324,,,,,,,
372,Li1.3Sc0.3Hf1.7(PO4)3,10.1016/0167-2738(93)90387-I,298.15,8.32E-05,-4.079876674,NASICON,Oxides,-3.537796053,0.00028987,0.293851399,,,,,,,
373,Li1.1Lu0.1Hf1.9(PO4)3,10.1016/0167-2738(93)90387-I,298.15,5.88E-05,-4.230622674,NASICON,Oxides,-3.708998036,0.000195435,0.272092263,,,,,,,
374,Li1.4Y0.4Hf1.6(PO4)3,10.1016/0167-2738(93)90387-I,298.15,2.09E-05,-4.679853714,NASICON,Oxides,-4.100077545,7.94E-05,0.336140406,,,,,,,
375,Li1.4Sc0.4Hf1.6(PO4)3,10.1016/0167-2738(93)90387-I,298.15,6.17E-05,-4.209714836,NASICON,Oxides,-3.778795515,0.00016642,0.185691461,,,,,,,
376,Li1.3Fe0.3Hf1.7(PO4)3,10.1016/0167-2738(93)90387-I,298.15,5.40E-05,-4.26760624,NASICON,Oxides,-3.778212927,0.000166643,0.239505815,,,,,,,
377,Li1.3Lu0.3Hf1.7(PO4)3,10.1016/0167-2738(93)90387-I,298.15,3.56E-05,-4.448550002,NASICON,Oxides,-3.38273002,0.000414257,1.135972234,,,,,,,
378,Li1.3Y0.3Hf1.7(PO4)3,10.1016/0167-2738(93)90387-I,298.15,3.19E-05,-4.496209317,NASICON,Oxides,-3.587144392,0.000258735,0.826399038,,,,,,,
379,Li1.1Sc0.1Hf1.9(PO4)3,10.1016/0167-2738(93)90387-I,298.15,2.45E-05,-4.610833916,NASICON,Oxides,-3.650312946,0.000223711,0.922600534,,,,,,,
380,Li1.4Lu0.4Hf1.6(PO4)3,10.1016/0167-2738(93)90387-I,298.15,2.06E-05,-4.68613278,NASICON,Oxides,-3.650545279,0.000223591,1.072441472,,,,,,,
381,Li1.1In0.1Hf1.9(PO4)3,10.1016/0167-2738(93)90387-I,298.15,1.00E-06,-6,NASICON,Oxides,-5.269298574,5.38E-06,0.533924574,,,,,,,
382,Li1.3Cr0.3Hf1.7(PO4)3,10.1016/0167-2738(93)90387-I,298.15,5.26E-07,-6.279014256,NASICON,Oxides,-5.510892928,3.08E-06,0.590010375,,,,,,,
383,Li1.2Cr0.2Hf1.8(PO4)3,10.1016/0167-2738(93)90387-I,298.15,2.54E-07,-6.595166283,NASICON,Oxides,-5.792465728,1.61E-06,0.64432818,,,,,,,
384,Li1.5Cr0.5Hf1.5(PO4)3,10.1016/0167-2738(93)90387-I,298.15,1.18E-07,-6.928117993,NASICON,Oxides,-6.059983388,8.71E-07,0.753657692,,,,,,,
385,Li1.1Cr0.1Hf1.9(PO4)3,10.1016/0167-2738(93)90387-I,298.15,9.35E-08,-7.029188389,NASICON,Oxides,-5.825518413,1.49E-06,1.44882141,,,,,,,
386,Li1.3Eu0.3Ti1.7(PO4)3,10.1016/0167-2738(94)90299-2,298.15,6.00E-05,-4.22184875,NASICON,Oxides,-3.193048913,0.000641137,1.058429104,,,,,,,
387,LiZr2(PO4)3,10.1016/0167-2738(90)90188-W,298.15,3.30E-06,-5.48148606,NASICON,Oxides,-4.372914586,4.24E-05,1.228930712,,,,,,,
388,LiHf2(PO4)3,10.1016/B978-0-08-021592-1.50024-6,298.15,3.80E-06,-5.420216403,NASICON,Oxides,-4.463223889,3.44E-05,0.915834671,,,,,,,
390,Li1.15Y0.15Zr1.85(PO4)3,10.1016/j.jpowsour.2013.03.175,298.15,7.10E-05,-4.148741651,NASICON,Oxides,-3.537172422,0.000290287,0.374016922,,,,,,,
391,LiZr2(PO4)3,10.1016/j.jpowsour.2013.03.175,298.15,5.00E-08,-7.301029996,NASICON,Oxides,-6.545779954,2.85E-07,0.570402625,,,,,,,
397,Li1.02Zr1.98Y0.02(PO4)3,10.1016/j.ssi.2003.12.037,298.15,1.15E-07,-6.93930216,NASICON,Oxides,-6.330193929,4.68E-07,0.371012838,,,,,,,
398,Li0.9Zr1.9Nb0.1(PO4)3,10.1016/j.ssi.2003.12.037,298.15,1.35E-06,-5.869666232,NASICON,Oxides,-5.289245494,5.14E-06,0.336888233,,,,,,,
399,Li0.98Zr1.98Nb0.02(PO4)3,10.1016/j.ssi.2003.12.037,298.15,2.50E-07,-6.602059991,NASICON,Oxides,-5.408104891,3.91E-06,1.425528782,,,,,,,
401,Li1.3Al0.2Y0.1Ti1.7(PO4)3,10.1016/j.ssi.2012.05.011,298.15,1.20E-04,-3.920818754,NASICON,Oxides,-2.833533695,0.001467122,1.182188799,,,,,,,
402,Li1.3Al0.1Y0.2Ti1.7(PO4)3,10.1016/j.ssi.2012.05.011,298.15,7.30E-05,-4.13667714,NASICON,Oxides,-3.280916391,0.000523701,0.732326459,,,,,,,
403,Li1.3Al0.15Y0.15Ti1.7(PO4)3,10.1016/j.ssi.2012.05.011,298.15,1.90E-05,-4.721246399,NASICON,Oxides,-3.603469441,0.00024919,1.249425327,,,,,,,
404,Li1.4Al0.4Ge0.2Ti1.4(PO4)3,10.1016/j.ssi.2013.09.022,298.15,1.29E-03,-2.88941029,NASICON,Oxides,-2.111094715,0.007742929,0.605775135,,,,,,,
405,Li1.4Al0.4Ge1.2Ti0.4(PO4)3,10.1016/j.ssi.2013.09.022,298.15,3.43E-04,-3.46470588,NASICON,Oxides,-2.482794672,0.003290071,0.964149621,,,,,,,
406,Li1.4Al0.4Ge1.6(PO4)3,10.1016/j.ssi.2013.09.022,298.15,1.77E-04,-3.752026734,NASICON,Oxides,-3.004128003,0.00099054,0.559352513,,,,,,,
407,Li2InTi(PO4)3,10.1016/S0167-2738(96)00565-6,298.15,8.30E-06,-5.080921908,NASICON,Oxides,-4.350128332,4.47E-05,0.53405925,,,,,,,
408,Li2CrZr(PO4)3,10.1016/S0167-2738(96)00565-6,298.15,5.91E-07,-6.228412519,NASICON,Oxides,-5.358380979,4.38E-06,0.756954881,,,,,,,
409,Li2CrTi(PO4)3,10.1016/S0167-2738(96)00565-6,298.15,4.41E-07,-6.355561411,NASICON,Oxides,-5.304000224,4.97E-06,1.10578093,,,,,,,
410,Li2FeTi(PO4)3,10.1016/S0167-2738(96)00565-6,298.15,3.34E-07,-6.476253533,NASICON,Oxides,-5.592621202,2.55E-06,0.780806096,,,,,,,
411,Li2FeZr(PO4)3,10.1016/S0167-2738(96)00565-6,298.15,1.44E-07,-6.841637508,NASICON,Oxides,-5.668971623,2.14E-06,1.375145278,,,,,,,
412,Li2InZr(PO4)3,10.1016/S0167-2738(96)00565-6,298.15,8.22E-08,-7.085128182,NASICON,Oxides,-5.753097314,1.77E-06,1.774306232,,,,,,,
413,Li2InHf(PO4)3,10.1016/S0167-2738(96)00565-6,298.15,2.74E-08,-7.562249437,NASICON,Oxides,-6.320729726,4.78E-07,1.541371193,,,,,,,
421,Li1.7Al0.7Ge1.3(PO4)3,10.1016/S0955-2219(99)00055-2,298.15,1.50E-04,-3.823908741,NASICON,Oxides,-3.357629015,0.000438905,0.217416783,,,,,,,
422,Li1.5Al0.5Ge1.5(PO4)3,10.1016/S0955-2219(99)00055-2,298.15,2.80E-04,-3.552841969,NASICON,Oxides,-3.003188979,0.000992684,0.30211841,,,,,,,
423,Li1.6Al0.6Ge1.4(PO4)3,10.1016/S0955-2219(99)00055-2,298.15,1.40E-04,-3.853871964,NASICON,Oxides,-2.866388511,0.001360227,0.97512357,,,,,,,
424,Li1.3Al0.3Ge1.7(PO4)3,10.1016/S0955-2219(99)00055-2,298.15,3.90E-05,-4.408935393,NASICON,Oxides,-3.536173716,0.000290955,0.761712945,,,,,,,
425,Li1.7Al0.7Ti1.3(PO4)3,10.1016/S0955-2219(99)00055-2,298.15,3.70E-05,-4.431798276,NASICON,Oxides,-3.975433363,0.00010582,0.208268933,,,,,,,
426,Li1.1Al0.1Ti1.9(PO4)3,10.1016/S0955-2219(99)00055-2,298.15,3.00E-05,-4.522878745,NASICON,Oxides,-3.672147093,0.000212742,0.723744344,,,,,,,
427,Li1.1Al0.1Ge1.9(PO4)3,10.1016/S0955-2219(99)00055-2,298.15,2.90E-06,-5.537602002,NASICON,Oxides,-4.827133441,1.49E-05,0.504765576,,,,,,,
430,Li1.5Al0.5Ti1.5(PO4)3,10.1021/cm010528i,298.15,1.10E-05,-4.958607315,NASICON,Oxides,-4.278744708,5.26E-05,0.462213165,,,,,,,
431,Li1.05Al0.05Ti1.95(PO4),10.1021/cm010528i,298.15,1.40E-06,-5.853871964,NASICON,Oxides,-4.90187338,1.25E-05,0.906301304,,,,,,,
432,Li1.6Al0.6Ge0.8Ti0.6(PO4)3,10.1021/cm021717j,298.15,1.10E-04,-3.958607315,NASICON,Oxides,-2.84088864,0.001442485,1.249295037,,,,,,,
433,Li1.4Al0.4Ge1.0Ti0.6(PO4)3,10.1021/cm021717j,298.15,8.00E-05,-4.096910013,NASICON,Oxides,-3.210634159,0.000615695,0.785484889,,,,,,,
434,Li1.8Al0.8Ge0.8Ti0.4(PO4)3,10.1021/cm021717j,298.15,7.00E-05,-4.15490196,NASICON,Oxides,-3.263978446,0.00054453,0.793744709,,,,,,,
435,Li1.4Al0.4Ge0.8Ti0.8(PO4)3,10.1021/cm021717j,298.15,6.00E-05,-4.22184875,NASICON,Oxides,-3.501931924,0.000314824,0.518280237,,,,,,,
436,Li1.6Al0.6Ge1.0Ti0.4(PO4)3,10.1021/cm021717j,298.15,5.00E-05,-4.301029996,NASICON,Oxides,-3.857534598,0.000138824,0.196688168,,,,,,,
437,Li1.2Al0.2Ge0.8Ti(PO4)3,10.1021/cm021717j,298.15,3.00E-05,-4.522878745,NASICON,Oxides,-3.395950367,0.000401837,1.269967569,,,,,,,
438,Li1.2Al0.2Ge1.0Ti0.8(PO4)3,10.1021/cm021717j,298.15,3.00E-05,-4.522878745,NASICON,Oxides,-3.450919142,0.000354063,1.14909739,,,,,,,
439,Li1.8Al0.8Ge1.0Ti0.2(PO4)3,10.1021/cm021717j,298.15,3.00E-05,-4.522878745,NASICON,Oxides,-4.022280629,9.50E-05,0.250598474,,,,,,,
441,LiGe2(PO4)3,10.1021/jp9085602,298.15,7.20E-07,-6.142667504,NASICON,Oxides,-4.966239435,1.08E-05,1.383983001,,,,,,,
451,Li1.3Al0.3Ti1.7(PO4)3,10.1149/1.2086597,298.15,2.16E-03,-2.665546249,NASICON,Oxides,-1.856961084,0.013900772,0.65380997,,,,,,,
452,Li1.3Sc0.3Ti1.7(PO4)3,10.1149/1.2086597,298.15,7.94E-04,-3.100179498,NASICON,Oxides,-2.226719625,0.005933082,0.762932151,,,,,,,
453,Li1.2Y0.2Ti1.8(PO4)3,10.1149/1.2086597,298.15,5.04E-04,-3.297569464,NASICON,Oxides,-2.864950613,0.001364738,0.18715907,,,,,,,
454,Li1.4Y0.4Ti1.6(PO4)3,10.1149/1.2096693,298.15,6.10E-04,-3.214670165,NASICON,Oxides,-2.354816709,0.004417568,0.739347967,,,,,,,
455,Li0.7Al0.3Ti1.7(PO4)3,10.1149/1.2086597,298.15,5.88E-04,-3.230622674,NASICON,Oxides,-2.746352577,0.001793277,0.234517527,,,,,,,
456,Li1.3Y0.3Ti1.7(PO4)3,10.1149/1.2086597,298.15,5.54E-04,-3.256490235,NASICON,Oxides,-2.695925258,0.002014071,0.314233094,,,,,,,
457,Li1.2Fe0.2Ti1.8(PO4)3,10.1149/1.2086597,298.15,3.51E-04,-3.454692884,NASICON,Oxides,-2.742181211,0.001810584,0.507672884,,,,,,,
458,Li1.4Sc0.4Ti1.6(PO4)3,10.1149/1.2086597,298.15,5.15E-04,-3.288192771,NASICON,Oxides,-2.475288736,0.003347428,0.66081297,,,,,,,
459,Li1.2In0.2Ti1.8(PO4)3,10.1149/1.2086597,298.15,4.01E-04,-3.396855627,NASICON,Oxides,-2.324053946,0.004741831,1.150903447,,,,,,,
460,Li1.4Fe0.4Ti1.6(PO4)3,10.1149/1.2086597,298.15,3.86E-04,-3.413412695,NASICON,Oxides,-2.699723031,0.001996535,0.509352936,,,,,,,
461,Li1.4In0.4Ti1.6(PO4)3,10.1149/1.2086597,298.15,3.00E-04,-3.522878745,NASICON,Oxides,-2.934565308,0.001162612,0.3461127,,,,,,,
462,Li1.5In0.5Ti1.5(PO4)3,10.1149/1.2086597,298.15,2.04E-04,-3.690369833,NASICON,Oxides,-2.766889711,0.00171045,0.852815537,,,,,,,
463,Li1.5Fe0.5Ti1.5(PO4)3,10.1149/1.2086597,298.15,1.75E-04,-3.756961951,NASICON,Oxides,-3.311291009,0.000488325,0.198622588,,,,,,,
464,Li1.4Cr0.4Ti1.6(PO4)3,10.1149/1.2086597,298.15,1.50E-04,-3.823908741,NASICON,Oxides,-2.966809472,0.00107942,0.734619158,,,,,,,
465,Li1.5Y0.5Ti1.5(PO4)3,10.1149/1.2086597,298.15,5.44E-05,-4.2644011,NASICON,Oxides,-3.3536934,0.000442901,0.829388516,,,,,,,
466,Li1.2Cr0.2Ti1.8(PO4)3,10.1149/1.2086597,298.15,1.83E-05,-4.73754891,NASICON,Oxides,-3.966969754,0.000107902,0.593792235,,,,,,,
467,Li1.2La0.2Ti1.8(PO4)3,10.1149/1.2096693,298.15,5.28E-04,-3.277366077,NASICON,Oxides,-2.275807986,0.005298977,1.003118609,,,,,,,
468,Li1.3La0.3Ti1.7(PO4)3,10.1149/1.2096693,298.15,5.28E-04,-3.277366077,NASICON,Oxides,-2.331108611,0.004665427,0.895403191,,,,,,,
469,Li1.4La0.4Ti1.6(PO4)3,10.1149/1.2096693,298.15,4.97E-04,-3.303643611,NASICON,Oxides,-2.704392896,0.001975182,0.35910142,,,,,,,
470,Li1.5La0.5Ti1.5(PO4)3,10.1149/1.2096693,298.15,2.82E-04,-3.549750892,NASICON,Oxides,-3.062910797,0.000865146,0.237013278,,,,,,,
471,LiSn2(PO4)3,10.1149/1.2220723,298.15,2.00E-09,-8.698970004,NASICON,Oxides,-7.274308459,5.32E-08,2.029660517,,,,,,,
472,Li1.3Sc0.3Ge1.7(PO4)3,10.1246/bcsj.65.2200,298.15,2.98E-05,-4.525783736,NASICON,Oxides,-3.981111166,0.000104445,0.296668208,,,,,,,
473,Li1.5Ga0.5Ge1.5(PO4)3,10.1246/bcsj.65.2200,298.15,1.17E-04,-3.931814138,NASICON,Oxides,-3.178848288,0.000662448,0.566957571,,,,,,,
474,Li1.3Cr0.3Ge1.7(PO4)3,10.1246/bcsj.65.2200,298.15,2.44E-05,-4.612610174,NASICON,Oxides,-3.641925973,0.000228073,0.942227819,,,,,,,
475,Li1.3Fe0.3Ge1.7(PO4)3,10.1246/bcsj.65.2200,298.15,3.67E-05,-4.435333936,NASICON,Oxides,-3.304353279,0.000496189,1.279117246,,,,,,,
476,Li1.5Sc0.5Ge1.5(PO4)3,10.1246/bcsj.65.2200,298.15,2.51E-05,-4.600326279,NASICON,Oxides,-4.071491973,8.48E-05,0.279665723,,,,,,,
477,Li1.7Fe0.7Ge1.3(PO4)3,10.1246/bcsj.65.2200,298.15,2.37E-05,-4.625251654,NASICON,Oxides,-3.752956666,0.000176621,0.760898546,,,,,,,
478,Li1.7Ga0.7Ge1.3(PO4)3,10.1246/bcsj.65.2200,298.15,2.43E-05,-4.614393726,NASICON,Oxides,-4.147942838,7.11E-05,0.217576431,,,,,,,
479,Li1.3In0.3Ge1.7(PO4)3,10.1246/bcsj.65.2200,298.15,9.22E-06,-5.035269079,NASICON,Oxides,-4.617867176,2.41E-05,0.174224349,,,,,,,
480,Li1.5In0.5Ge1.5(PO4)3,10.1246/bcsj.65.2200,298.15,5.75E-06,-5.240332155,NASICON,Oxides,-4.632777213,2.33E-05,0.369123007,,,,,,,
481,Li1.45Al0.45Ge0.2Ti1.35(PO4)3,10.3389/fenrg.2016.00012,298.15,1.01E-03,-2.995678626,NASICON,Oxides,-2.524282523,0.002990319,0.222214286,,,,,,,
482,Li1.40Al0.4Ge0.2Ti1.4(PO4)3,10.3389/fenrg.2016.00012,298.15,1.00E-03,-3,NASICON,Oxides,-2.473894908,0.003358189,0.276786568,,,,,,,
483,Li1.50Al0.50Ge0.2Ti1.3(PO4)3,10.3389/fenrg.2016.00012,298.15,7.37E-04,-3.132532512,NASICON,Oxides,-2.486517484,0.003261989,0.417335416,,,,,,,
484,Li1.35Al0.35Ge0.2Ti1.45(PO4)3,10.3389/fenrg.2016.00012,298.15,6.18E-04,-3.209011525,NASICON,Oxides,-2.570488893,0.002688507,0.407711152,,,,,,,
485,Li1.55Al0.55Ge0.2Ti1.25(PO4)3,10.3389/fenrg.2016.00012,298.15,7.02E-05,-4.153662888,NASICON,Oxides,-3.644855354,0.00022654,0.258885107,,,,,,,
486,Li1.45Al0.45Ti1.55(PO4),10.5796/electrochemistry.82.870,298.15,2.90E-04,-3.537602002,NASICON,Oxides,-3.012929418,0.000970668,0.27528132,,,,,,,
488,Li7Ge3PS12,10.1016/j.jssc.2016.12.001,298.15,1.10E-04,-3.958607315,Thio-LISICON,Sulphides,-3.0781599,0.000835295,0.77518765,,,,,,,
489,Li3.2PO3.1N0.7,10.1016/j.ssi.2005.10.021,298.15,5.00E-07,-6.301029996,LISICON,Oxides and Other Anions,-5.147562426,7.12E-06,1.330487434,,,,,,,
496,Li1.3Al0.3Ti1.7(PO4)3,10.1016/S0955-2219(99)00055-2,298.15,3.00E-03,-2.522878745,NASICON,Oxides,-1.845561963,0.014270462,0.458758024,,,,,,,
502,Li4P2S6,10.1016/j.ssi.2015.10.015,298.15,2.57E-07,-6.590066877,Glass,Sulphides,-6.079059294,8.34E-07,0.26112875,,,,,,,
504,Li3OBr,10.1016/j.ssi.2015.11.027,298.15,1.06E-06,-5.974694135,Anti-Perovskite,Oxides and Other Anions,-5.095805397,8.02E-06,0.772445413,,,,,,,
537,Li1.6Al0.6Ge1.4 (PO4)3,10.1016/S0167-2738(97)00434-7,298.15,3.80E-04,-3.420216403,Glass-Ceramic,Oxides,-2.422893102,0.003776651,0.994653767,,,,,,,
539,Li6.25PS5.25Cl0.75,10.1016/j.apsusc.2019.07.041,298.15,1.40E-02,-1.853871964,Argyrodite,Sulphides and Other Anions,-1.64427778,0.022684135,0.043929722,,,,,,,
561,Li6PS5Br,10.1021/acsaem.8b00280,298.15,1.90E-04,-3.721246399,Argyrodite,Sulphides and Other Anions,-3.148196707,0.000710891,0.328385949,,,,,,,
582,Li6PS5I,10.1007/s10008-011-1572-8,298.15,6.30E-04,-3.200659451,Argyrodite,Sulphides and Other Anions,-2.431411479,0.003703297,0.591742443,,,,,,,
584,Li5PS4(BH4)2,10.1021/acsomega.8b00377,298.15,7.96E-03,-2.099086932,Argyrodite,Sulphides and Other Anions,-1.686707821,0.020572742,0.170056531,,,,,,,
591,Li0.245La0.592Ti0.98Mn0.02O3,10.1006/jssc.1998.7904,298.15,1.00E-03,-3,Perovskite,Oxides,-2.236156175,0.005805556,0.583457389,,,,,,,
592,La0.55Li0.36Ti0.995Al0.005O3,10.1007/BF02375549,298.15,1.10E-03,-2.958607315,Perovskite,Oxides,-2.651285882,0.002232102,0.094446463,,,,,,,
593,La0.54Li0.36TiO3,10.1007/BF02375549,298.15,8.90E-04,-3.050609993,Perovskite,Oxides,-2.277903715,0.005273468,0.597074992,,,,,,,
594,La0.51Li0.36Ti0.95W0.05O3,10.1007/BF02375549,298.15,7.30E-04,-3.13667714,Perovskite,Oxides,-2.739017458,0.001823822,0.158133223,,,,,,,
595,La0.56Li0.36Ti0.95Al0.05O3,10.1007/BF02375549,298.15,6.40E-04,-3.193820026,Perovskite,Oxides,-2.674754248,0.002114685,0.269429282,,,,,,,
596,La0.55Li0.36Ti0.95Ge0.05O3,10.1007/BF02375549,298.15,3.60E-04,-3.443697499,Perovskite,Oxides,-2.852346252,0.001404927,0.349696297,,,,,,,
597,La0.58Li0.36Ti0.95Mg0.05O3,10.1007/BF02375549,298.15,2.10E-04,-3.677780705,Perovskite,Oxides,-3.059255561,0.000872458,0.382573354,,,,,,,
598,La0.55Li0.36Ti0.95Mn0.05O3,10.1007/BF02375549,298.15,1.90E-04,-3.721246399,Perovskite,Oxides,-3.307774735,0.000492295,0.170958817,,,,,,,
604,(La0.5Li0.5)TiO3,10.1016/0167-2738(94)90309-3,298.15,1.00E-03,-3,Perovskite,Oxides,-2.761212942,0.001732954,0.057019259,,,,,,,
605,Sm0.52Li0.38TiO2.97,10.1016/0167-2738(94)90310-7,298.15,1.50E-03,-2.823908741,Perovskite,Oxides,-2.387680058,0.004095623,0.190295464,,,,,,,
610,Li0.34Pr0.56TiO3,10.1016/0167-2738(94)90310-7,298.15,1.00E-06,-6,Perovskite,Oxides,-4.763761449,1.72E-05,1.528285756,,,,,,,
611,Nd0.55Li0.34TiO3,10.1016/0167-2738(94)90310-7,298.15,8.00E-08,-7.096910013,Perovskite,Oxides,-6.474341356,3.35E-07,0.387591732,,,,,,,
612,Li0.5(La0.4Nd0.1)TiO3,10.1016/S0167-2738(97)00015-5,298.15,1.00E-03,-3,Perovskite,Oxides,-2.503363201,0.003137883,0.24664811,,,,,,,
613,Li0.34La0.56TiO3,10.1016/S0167-2738(98)00070-8,298.15,1.53E-03,-2.815308569,Perovskite,Oxides,-2.550336624,0.002816199,0.070210132,,,,,,,
614,Li0.34La0.56TiO3,10.1016/S0167-2738(98)00070-8,298.15,6.88E-04,-3.162411562,Perovskite,Oxides,-2.1062215,0.007830302,1.115537447,,,,,,,
615,Nd0.25Li0.25TaO3,10.1016/S0167-2738(98)00414-7,298.15,1.91E-06,-5.718966633,Perovskite,Oxides,-4.930536521,1.17E-05,0.621622042,,,,,,,
617,Li0.25La0.25TaO3,10.1016/S0167-2738(98)00414-7,298.15,3.66E-04,-3.436518915,Perovskite,Oxides,-2.457642582,0.003486241,0.958198876,,,,,,,
619,Li0.5Sr0.5Cr0.25Ta0.75O3,10.1016/S0378-7753(97)02645-1,298.15,6.31E-05,-4.200039473,Perovskite,Oxides,-3.317956471,0.000480888,0.778070422,,,,,,,
620,Li0.5Sr0.5Fe0.25Ta0.75O3,10.1016/S0378-7753(97)02645-1,298.15,1.26E-04,-3.900008766,Perovskite,Oxides,-3.00287335,0.000993406,0.804851954,,,,,,,
632, La0.29Li0.12NbO3,10.1016/S0167-2738(98)00266-5,298.15,4.25E-05,-4.37161107,Other,Oxides,-3.524523317,0.000298866,0.717557661,,,,,,,
633,La0.283Li0.15NbO3,10.1016/S0167-2738(98)00266-5,298.15,3.85E-05,-4.41453927,Other,Oxides,-3.323086492,0.000475241,1.191269168,,,,,,,
634,La0.273Li0.18NbO3,10.1016/S0167-2738(98)00266-5,298.15,3.82E-05,-4.417936637,Other,Oxides,-3.8705298,0.000134732,0.299654245,,,,,,,
635,La0.303Li0.09NbO3,10.1016/S0167-2738(98)00266-5,298.15,3.52E-05,-4.453457337,Other,Oxides,-3.827951871,0.00014861,0.391257088,,,,,,,
636,La0.313Li0.06NbO3,10.1016/S0167-2738(98)00266-5,298.15,2.33E-05,-4.632644079,Other,Oxides,-3.705405244,0.000197058,0.859771856,,,,,,,
637,Li0.1Sr0.8Ti0.7Nb0.3O3,10.1149/1.1629102,298.15,1.00E-08,-8,Perovskite,Oxides,-7.097874446,7.98E-08,0.813830515,,,,,,,
638,Li0.3Sr0.6Ti0.20Fe0.30Ta0.5O3,10.1149/1.1629102,298.15,1.00E-07,-7,Perovskite,Oxides,-5.708142967,1.96E-06,1.668894593,,,,,,,
639,Li0.3Sr0.6Ti0.35Fe0.15Ta0.5O3,10.1149/1.1629102,298.15,2.80E-05,-4.552841969,Perovskite,Oxides,-3.755687227,0.000175514,0.635455682,,,,,,,
640,Li0.3Sr0.6Ti0.40Fe0.10Ta0.5O3,10.1149/1.1629102,298.15,3.60E-05,-4.443697499,Perovskite,Oxides,-3.621889414,0.000238842,0.675368528,,,,,,,
644,Li0.25La0.41Sr0.25TiO3,10.1021/cm020609u,298.15,7.64E-05,-4.116906641,Perovskite,Oxides,-3.496959121,0.00031845,0.384334928,,,,,,,
645,Li0.15La0.51Sr0.15TiO3,10.1021/cm020609u,298.15,5.30E-05,-4.27572413,Perovskite,Oxides,-3.676049863,0.000210839,0.359609226,,,,,,,
647,LiSrTiTaO6,10.1021/cm9810382,298.15,5.50E-04,-3.259637311,Perovskite,Oxides,-2.404971579,0.003935758,0.730453514,,,,,,,
648,LiSr1.65Ti1.3Ta1.7O9,10.1021/cm9810382,298.15,4.90E-05,-4.30980392,Perovskite,Oxides,-3.526276274,0.000297662,0.613915573,,,,,,,
649,LiSr1.65Ti1.3Nb1.7O9,10.1021/cm9810382,298.15,2.00E-05,-4.698970004,Perovskite,Oxides,-4.170722604,6.75E-05,0.279045315,,,,,,,
650,LiSr1.65Zr1.3Ta1.7O9,10.1021/cm9810382,298.15,1.30E-05,-4.886056648,Perovskite,Oxides,-3.783087072,0.000164783,1.216541885,,,,,,,
652,LiSr2Ti2NbO9,10.1021/cm9810382,298.15,1.00E-06,-6,Perovskite,Oxides,-5.377858019,4.19E-06,0.387060644,,,,,,,
653,LiSrTiNbO6,10.1021/cm9810382,298.15,1.00E-06,-6,Perovskite,Oxides,-4.820487195,1.51E-05,1.391250458,,,,,,,
656,Li0.25La0.66Ti0.75Al0.25O3,10.1021/cm011149s,298.15,7.66E-05,-4.11577123,Perovskite,Oxides,-3.599514903,0.000251469,0.266520596,,,,,,,
657,Li0.20La0.66Ti0.80Al0.20O3,10.1021/cm011149s,298.15,4.28E-05,-4.368556231,Perovskite,Oxides,-3.624183289,0.000237584,0.554091076,,,,,,,
658,Li0.30La0.66Ti0.70Al0.30O3,10.1021/cm011149s,298.15,1.72E-05,-4.764471553,Perovskite,Oxides,-3.668047082,0.00021476,1.202146621,,,,,,,
659,Li0.15La0.66Ti0.85Al0.15O3,10.1021/cm011149s,298.15,9.66E-06,-5.015022874,Perovskite,Oxides,-4.042753151,9.06E-05,0.945308414,,,,,,,
663,Li0.27La0.59TiO3,10.2109/jcersj.105.548,298.15,5.80E-04,-3.236572006,Perovskite,Oxides,-2.649400712,0.002241813,0.344770128,,,,,,,
673,Li10SnP2S12,10.1021/ja407393y,298.15,4.00E-03,-2.397940009,Thio-LISICON,Sulphides,-1.438257105,0.036453807,0.920991275,,,,,,,
675,Li10GeP2S12,10.1038/nmat3066,298.15,1.20E-02,-1.920818754,Thio-LISICON,Sulphides,-1.781536518,0.016537257,0.019399541,,,,,,,
697,Li1.5Hf1.5Al0.5P3O12,10.1016/j.ssi.2005.07.010,298.15,1.10E-04,-3.958607315,NASICON,Oxides,-2.917490968,0.00120923,1.083923249,,,,,,,
698,"""(Li2S)70 (P2S5)30""",10.1039/C3EE41655K,298.15,1.70E-02,-1.769551079,Glass-Ceramic,Sulphides,-1.45799629,0.034834029,0.097066387,,,,,,,
699,Li11AlP2S12,10.1039/C6CC02131J,298.15,8.02E-04,-3.095825632,Thio-LISICON,Sulphides,-2.535556587,0.00291369,0.313901402,,,,,,,
700,Li6BaLa2Ta2O12,10.1002/adfm.200400044,298.15,4.00E-05,-4.397940009,Garnet,Oxides,-4.050459595,8.90E-05,0.120742638,,,,,,,
701,Li5NI2,10.1002/anie.198000741,298.15,1.50E-07,-6.823908741,Other,Halides,-6.158177535,6.95E-07,0.443198038,,,,,,,
703,Li6NBr3,10.1002/anie.198000741,298.15,3.10E-07,-6.508638306,Rocksalt,Halides,-5.237109931,5.79E-06,1.616784408,,,,,,,
704,Li4SiO4,10.1016/0025-5408(76)90235-X,298.15,2.00E-10,-9.698970004,LISICON,Oxides,-8.576157335,2.65E-09,1.260708289,,,,,,,
705,Li4GeO4,10.1016/0025-5408(76)90235-X,298.15,3.10E-12,-11.50863831,LISICON,Oxides,-10.67018135,2.14E-11,0.703010069,,,,,,,
706,Li2Ge7O15,10.1016/0025-5408(76)90235-X,298.15,5.00E-16,-15.30103,Other,Oxides,-14.20432334,6.25E-15,1.202765489,,,,,,,
707,Li3.5Ge0.5V0.5O4,10.1016/0025-5408(80)90249-4,298.15,7.00E-05,-4.15490196,LISICON,Oxides,-3.2804433,0.000524272,0.764677947,,,,,,,
708,LiI,10.1016/0167-2738(81)90020-5,298.15,2.80E-08,-7.552841969,Rocksalt,Halides,-7.00245454,9.94E-08,0.302926322,,,,,,,
710,Li3P,10.1016/0167-2738(89)90438-4,298.15,1.00E-03,-3,Other,Other,-2.741537479,0.00181327,0.066802875,,,,,,,
712,Li3Sc2P3O12,10.1016/j.materresbull.2007.08.007,298.15,1.00E-10,-10,NASICON,Oxides,-9.211965591,6.14E-10,0.62099823,,,,,,,
713,Li5La3Bi2O12,10.1016/j.ssi.2017.03.030,298.15,2.00E-05,-4.698970004,Garnet,Oxides,-3.618496843,0.000240715,1.167422251,,,,,,,
714,LiLa(TiO3)2,10.1016/S0167-2738(00)00761-X,298.15,1.00E-03,-3,Perovskite,Oxides,-2.418265217,0.003817111,0.338415358,,,,,,,
716,Li3VO4,10.1016/S0924-0136(01)01044-5,298.15,1.67E-06,-5.777283529,LISICON,Oxides,-4.648436696,2.25E-05,1.274295173,,,,,,,
717,Li7P3S11,10.1021/acs.chemmater.7b04842,298.15,8.63E-04,-3.063989204,Thio-LISICON,Sulphides,-2.195473708,0.006375677,0.754319166,,,,,,,
718,Li4BN3H10,10.1021/Ja907249p,298.15,2.00E-04,-3.698970004,Other,Other,-3.339935266,0.000457156,0.128905943,,,,,,,
722,Li2NH,10.1039/c2cp23636b,298.15,2.54E-04,-3.595166283,Other,Other,-2.83617266,0.001458234,0.57607132,,,,,,,
723,Li2Ca(NH)2,10.1039/c2cp23636b,298.15,6.40E-06,-5.193820026,Other,Other,-4.129515743,7.42E-05,1.132743607,,,,,,,
725,Li3N,10.1039/C0EE00052C,298.15,5.75E-04,-3.240332155,Other,Other,-2.44874078,0.003558436,0.626616905,,,,,,,
726,Li13.6Si2.8S1.2O16,10.1016/0013-4686(77)80035-2,298.15,6.00E-07,-6.22184875,LISICON,Oxides,-5.16695463,6.81E-06,1.112801605,,,,,,,
727,LiAlH4,10.1063/1.3356981,298.15,2.00E-09,-8.698970004,Other,Other,-7.618711552,2.41E-08,1.166958322,,,,,,,
730,Li4B7O12Cl,10.1107/S0567740877009443,298.15,1.00E-07,-7,Other,Oxides and Other Anions,-5.907535328,1.24E-06,1.193479061,,,,,,,
731,Li10.35Si1.35P1.65S12,10.1107/S2052520615022283,298.15,6.50E-03,-2.187086643,Thio-LISICON,Sulphides,-1.831791639,0.01473019,0.12623454,,,,,,,
732,Li9.81Sn0.81P2.19S12,10.1107/S2052520615022283,298.15,5.50E-03,-2.259637311,Thio-LISICON,Sulphides,-1.679284021,0.020927434,0.336809942,,,,,,,
735,Li14ZnGe4O16,10.1149/1.2119778,298.15,1.00E-06,-6,LISICON,Oxides,-4.76891275,1.70E-05,1.515575818,,,,,,,
738,Li2.88PO3.73N0.14,10.1006/jssc.1995.1140,298.15,1.40E-13,-12.85387196,LISICON,Oxides,-11.15411066,7.01E-12,2.889188479,,,,,,,
743,Li6.35P0.65Si0.35S5Br,10.1039/c7ta08581h,298.15,2.30E-03,-2.638272164,Argyrodite,Sulphides and Other Anions,-1.863100995,0.01370563,0.600890341,,,,,,,
744,Li6.50P0.50Si0.50S5Br,10.1039/c7ta08581h,298.15,2.30E-03,-2.638272164,Argyrodite,Sulphides and Other Anions,-1.691885902,0.02032891,0.895646957,,,,,,,
745,Li6.20P0.80Si0.20S5Br,10.1039/c7ta08581h,298.15,1.98E-03,-2.70333481,Argyrodite,Sulphides and Other Anions,-1.684877248,0.02065964,1.037255806,,,,,,,
746,Li6.30P0.70Si0.30S5Br,10.1039/c7ta08581h,298.15,1.83E-03,-2.73754891,Argyrodite,Sulphides and Other Anions,-2.38308431,0.004139193,0.125645153,,,,,,,
747,Li6.25P0.75Si0.25S5Br,10.1039/c7ta08581h,298.15,1.50E-03,-2.823908741,Argyrodite,Sulphides and Other Anions,-2.087746676,0.008170588,0.541934585,,,,,,,
748,Li6.12P0.90Si0.12S5Br,10.1039/c7ta08581h,298.15,9.00E-04,-3.045757491,Argyrodite,Sulphides and Other Anions,-2.683629678,0.002071907,0.131136553,,,,,,,
749,Li6.22P0.78Si0.22S5Br,10.1039/c7ta08581h,298.15,1.08E-03,-2.966576245,Argyrodite,Sulphides and Other Anions,-2.400345175,0.003977909,0.320617624,,,,,,,
750,Li6.17P0.83Si0.17S5Br,10.1039/c7ta08581h,298.15,9.29E-04,-3.031984286,Argyrodite,Sulphides and Other Anions,-2.676649874,0.002105475,0.126262544,,,,,,,
751,Li6.13P0.87Si0.13S5Br,10.1039/c7ta08581h,298.15,9.01E-04,-3.045275209,Argyrodite,Sulphides and Other Anions,-2.783414758,0.001646589,0.068570896,,,,,,,
752,Li6.08P0.92Si0.08S5Br,10.1039/c7ta08581h,298.15,8.64E-04,-3.063486258,Argyrodite,Sulphides and Other Anions,-2.698159988,0.002003734,0.133463284,,,,,,,
753,Li6.02P0.98Si0.02S5 Br,10.1039/c7ta08581h,298.15,8.74E-04,-3.058488567,Argyrodite,Sulphides and Other Anions,-2.081280482,0.00829315,0.954935641,,,,,,,
754,Li6.10P0.90Si0.10S5Br,10.1039/c7ta08581h,298.15,8.05E-04,-3.09420412,Argyrodite,Sulphides and Other Anions,-2.268483506,0.005389103,0.681814533,,,,,,,
755,Li6PS5Br,10.1039/c7ta08581h,298.15,6.94E-04,-3.15864053,Argyrodite,Sulphides and Other Anions,-2.76311572,0.001725378,0.156439876,,,,,,,
756,Li6.05P0.95Si0.05S5Br,10.1039/c7ta08581h,298.15,4.41E-04,-3.355561411,Argyrodite,Sulphides and Other Anions,-2.685582062,0.002062614,0.448872328,,,,,,,
762,Li3.6Si0.6P0.4S4,10.1006/jssc.2002.9701,298.15,7.76E-05,-4.110026362,Thio-LISICON,Sulphides,-3.672435503,0.000212601,0.19148576,,,,,,,
764,Li4SiS4,10.1016/0025-5408(89)90053-6,298.15,4.93E-08,-7.307153081,Thio-LISICON,Sulphides,-6.467140886,3.41E-07,0.705620487,,,,,,,
765,Li2SiS3,10.1016/0025-5408(89)90053-6,298.15,2.00E-06,-5.698970004,Thio-LISICON,Sulphides,-4.95290634,1.11E-05,0.556610991,,,,,,,
769,Li6.75La3Zr1.75Nb0.25O12 ,10.1016/j.jpowsour.2010.11.089,298.15,8.00E-04,-3.096910013,Garnet,Oxides,-2.231330547,0.005870424,0.749227812,,,,,,,
770,Li7La3Zr1.89Al0.15O12 ,10.1016/j.jpowsour.2013.03.049,298.15,3.40E-04,-3.468521083,Garnet,Oxides,-3.157382184,0.000696014,0.096807414,,,,,,,
772,Li10Ge0.95Si0.05P2S12,10.1016/j.jpowsour.2014.07.159,298.15,8.60E-03,-2.065501549,Thio-LISICON,Sulphides,-1.158925738,0.069354439,0.821879702,,,,,,,
773,Li5.5La3Nb1.75In0.25O12 ,10.1016/j.jssc.2005.12.025,298.15,2.40E-05,-4.619788758,Garnet,Oxides,-3.478644208,0.000332166,1.302210884,,,,,,,
774,Li5.5La2.75K0.25Nb2O12 ,10.1016/j.jssc.2005.12.025,298.15,1.06E-05,-4.974694135,Garnet,Oxides,-4.547433374,2.84E-05,0.182551758,,,,,,,
777,Li6.25La3Zr2Ga0.25O12,10.1016/j.matchemphys.2012.03.054,298.15,3.50E-04,-3.455931956,Garnet,Oxides,-2.834683644,0.001463243,0.385949465,,,,,,,
778,Li7P3S11,10.1016/j.ssi.2006.04.017,298.15,3.20E-03,-2.494850022,Thio-LISICON,Sulphides,-1.65834739,0.021961025,0.699736653,,,,,,,
781,Li4GeS4,10.1016/S0167-2738(00)00277-0,298.15,2.51E-07,-6.600153287,Thio-LISICON,Sulphides,-5.647490933,2.25E-06,0.907565561,,,,,,,
783,Li4P2S6,10.1021/acs.chemmater.6b04175,298.15,1.60E-10,-9.795880017,Thio-LISICON,Sulphides,-9.032596148,9.28E-10,0.582602265,,,,,,,
784,Li4PS4I,10.1021/acs.chemmater.7b00013,298.15,6.26E-05,-4.203425667,Argyrodite,Sulphides and Other Anions,-3.096770733,0.000800257,1.224685142,,,,,,,
789,Li4SnS4,10.1021/cm3011315,298.15,7.00E-05,-4.15490196,Thio-LISICON,Sulphides,-3.07000405,0.00085113,1.177003476,,,,,,,
791,Li2SnS3,10.1021/cm5037524,298.15,1.36E-05,-4.866461092,Rocksalt,Sulphides,-4.253802697,5.57E-05,0.375350309,,,,,,,
792,Li3PS4,10.1021/ja3110895,298.15,1.60E-04,-3.795880017,Thio-LISICON,Sulphides,-2.710547872,0.001947386,1.177945865,,,,,,,
794,Li6.5La3Nb1.25Y0.75O12 ,10.1021/jp304737x,298.15,2.70E-04,-3.568636236,Garnet,Oxides,-3.300421699,0.000500701,0.071939038,,,,,,,
800,Li6.5La3Zr1.5Ta0.5O12 ,10.1039/C2JM31413D,298.15,9.20E-04,-3.036212173,Garnet,Oxides,-2.668600905,0.002144861,0.135138045,,,,,,,
801,Li6.6La3Zr1.6Ta0.4O12 ,10.1039/C2JM31413D,298.15,7.30E-04,-3.13667714,Garnet,Oxides,-2.493784267,0.003207862,0.413311246,,,,,,,
803,Li6.2La3Zr1.2Ta0.8O12 ,10.1039/C2JM31413D,298.15,3.20E-04,-3.494850022,Garnet,Oxides,-2.552224419,0.002803984,0.888543028,,,,,,,
804,Li6.8La3Zr1.8Ta0.2O12 ,10.1039/C2JM31413D,298.15,2.80E-04,-3.552841969,Garnet,Oxides,-2.891109085,0.001284964,0.43789041,,,,,,,
805,Li6La3ZrTaO12 ,10.1039/C2JM31413D,298.15,1.60E-04,-3.795880017,Garnet,Oxides,-3.129927575,0.000741434,0.443492655,,,,,,,
808,Li6.2La3Zr1.2Sb0.8O12 ,10.1039/C3CP50991E,298.15,4.50E-04,-3.346787486,Garnet,Oxides,-2.511683195,0.003078342,0.697399178,,,,,,,
812,Li5La3Ta2O12 ,10.1111/j.1151-2916.2003.tb03318.x,298.15,3.40E-06,-5.468521083,Garnet,Oxides,-4.447916378,3.57E-05,1.041633964,,,,,,,
817,Li3.25Ge0.25P0.75S4,10.1149/1.1379028,298.15,2.20E-03,-2.657577319,Thio-LISICON,Sulphides,-1.666137621,0.021570608,0.982952674,,,,,,,
818,Li6.75La3Zr1.75Ta0.25O12 ,10.1149/2.024205esl,298.15,6.30E-04,-3.200659451,Garnet,Oxides,-2.415786148,0.003838962,0.616026102,,,,,,,
836,Li5.4La3Nb1.8Y0.75O12,10.1021/jp304737x,298.15,2.51E-05,-4.599980365,Garnet,Oxides,-4.264580875,5.44E-05,0.112492818,,,,,,,
847,"""(Li2O)50 (Al2O5)5 (P2O5)45""",10.1016/j.jeurceramsoc.2008.12.016,298.15,1.15E-08,-7.93930216,Glass,Oxides,-6.71191947,1.94E-07,1.506468267,,,,,,,
852,"""(Li2O)50 (P2O5)50""",10.1016/j.jeurceramsoc.2008.12.016,298.15,1.32E-09,-8.879426069,Glass,Oxides,-8.066799953,8.57E-09,0.660361204,,,,,,,
859,Li3.9Zn0.05GeS4,10.1016/S0167-2738(00)00277-0,298.15,2.84E-07,-6.54668166,Thio-LISICON,Sulphides,-5.931344729,1.17E-06,0.378639539,,,,,,,
861,Li1.6Ti1.7Mg0.3P3O12,10.1016/0167-2738(86)90176-1,298.15,2.80E-06,-5.552841969,NASICON,Oxides,-4.797132491,1.60E-05,0.571096815,,,,,,,
868,Li4.275Ge0.61Ga0.25S4,10.1016/S0167-2738(00)00277-0,298.15,6.34E-05,-4.197910742,Thio-LISICON,Sulphides,-3.204258092,0.000624801,0.98734559,,,,,,,
869,Li1.4Ti1.6In0.4P3O12,10.1016/0167-2738(86)90176-1,298.15,1.90E-04,-3.721246399,NASICON,Oxides,-3.05395825,0.000883165,0.445273473,,,,,,,
870,Li1.8Cr0.8Ti1.2(PO4)3,10.1016/0167-2738(88)90291-3,298.15,2.40E-04,-3.619788758,NASICON,Oxides,-3.195106852,0.000638106,0.180354721,,,,,,,
889,"""((Li2S)0.6 (SiS2)0.4 )95 (Li4SiO4)5""",10.1149/1.1392498,298.15,5.88E-03,-2.230622674,Glass,Sulphides and Other Anions,-1.58319584,0.026109837,0.419161505,,,,,,,
890,Li6La2Ca(Nb)2O12,10.1016/j.ssi.2008.01.047,298.15,2.11E-06,-5.675717545,Garnet,Oxides,-4.634610382,2.32E-05,1.083904124,,,,,,,
892,Li1.5Al0.5Ge1.5(PO4)3,10.1149/1.3122903,298.15,0.006309,-2.200039473,NASICON,Oxides,-1.830922616,0.014759695,0.136247254,,,,,,,
901,Li5AlS4,10.1016/j.jssc.2017.09.018,298.15,1.26E-08,-7.89997427,Thio-LISICON,Sulphides,-6.703032302,1.98E-07,1.432670076,,,,,,,
903,LiMgPO4,10.1021/cm504518q,298.15,6.31E-12,-11.19997064,Olivine,Oxides,-9.776344689,1.67E-10,2.026710849,,,,,,,
904,Li0.95Mg0.95In0.05PO4,10.1021/cm504518q,298.15,1.12E-10,-9.950781977,Olivine,Oxides,-8.517563723,3.04E-09,2.054114564,,,,,,,
905,Li0.9Mg0.9In0.1PO4,10.1021/cm504518q,298.15,5.01E-10,-9.300162274,Olivine,Oxides,-8.44176993,3.62E-09,0.736837416,,,,,,,
906,Li0.85Mg0.85In0.15PO4,10.1021/cm504518q,298.15,1.26E-09,-8.899629455,Olivine,Oxides,-7.557521623,2.77E-08,1.801253433,,,,,,,
907,Li0.83Mg0.83In0.17PO4,10.1021/cm504518q,298.15,1.41E-09,-8.850780887,Olivine,Oxides,-7.606507049,2.47E-08,1.548217384,,,,,,,
913,Li3AlS3,10.1021/acs.chemmater.9b03230,298.15,1.31E-08,-7.882728704,Other,Sulphides,-7.306329969,4.94E-08,0.332235502,,,,,,,
915,Li6SiO4Cl2,10.1021/acs.chemmater.1c00157,298.15,1.00E-10,-10,Argyrodite,Oxides and Other Anions,-8.590966138,2.56E-09,1.985376424,,,,,,,
917,LiTa2PO8,10.1039/C8TA09170F,298.15,1.60E-03,-2.795880017,Other,Oxides,-1.935326645,0.011605754,0.740552107,,,,,,,
2000,(YPO4)0.8(Li3PO4)0.2,10.1016/0167-2738(89)90457-8,298.15,1.41E-05,-4.851039883,Zircon,Oxides,-4.48122192,3.30E-05,0.136765326,,,,,,,
2001, Li0.8La0.066Zr2(PO4)3,10.1007/s11581-009-0332-6,298.15,8.20E-06,-5.086338509,NASICON,Oxides,-4.156924999,6.97E-05,0.863809473,,,,,,,
2003,Li3.09BO2.53N0.52,10.1016/j.jpowsour.2008.09.089,298.15,8.65E-07,-6.06311007,Glass,Oxides,-5.09182857,8.09E-06,0.943387752,,,,,,,
2004,Li5Nd3Sb2O12,10.1016/j.ssi.2008.01.002,298.15,5.58E-07,-6.253253283,Garnet,Oxides,-4.988761428,1.03E-05,1.59893965,,,,,,,
2005,Li5La3Sb2O12,10.1016/j.ssi.2008.01.002,298.15,2.06E-06,-5.685784276,Garnet,Oxides,-5.065876437,8.59E-06,0.384285729,,,,,,,
2006,LiAlSi2O6,10.1016/j.ssi.2009.02.028,298.15,3.49E-09,-8.457685004,Glass,Oxides,-7.625631623,2.37E-08,0.692312828,,,,,,,
2007,"""(Li2O)16.6 (SiO2)83.4""",10.1016/S0022-3093(99)00688-2,298.15,1.30E-09,-8.887183074,Glass,Oxides,-8.0288714,9.36E-09,0.736698929,,,,,,,
2008,Li3Fe2P3O12,10.1016/0167-2738(90)90442-T,298.15,1.11E-08,-7.953862132,Glass-Ceramic,Sulphides and Other Anions,-7.338689081,4.58E-08,0.378437883,,,,,,,
2009,Li2.9Sc1.9Zr0.1(PO4)3,10.1016/S0925-8388(96)02746-6,298.15,7.48E-05,-4.126174447,NASICON,Sulphides,-3.437936098,0.000364808,0.473672025,,,,,,,
2010,Li1.9Mg0.1TiO3.05,10.1016/j.ssi.2008.03.001,298.15,1.96E-07,-6.708504408,Rocksalt,Sulphides and Other Anions,-5.861046493,1.38E-06,0.718184919,,,,,,,
2011,(YPO4)0.9(Li3PO4)0.1,10.1016/0167-2738(89)90457-8,298.15,4.64E-07,-6.333347081,Zircon,Oxides,-5.062021299,8.67E-06,1.616269245,,,,,,,
2012,(YPO4)0.7(Li3PO4)0.3,10.1016/0167-2738(89)90457-8,298.15,6.57E-09,-8.182516656,Zircon,Oxides,-7.330444246,4.67E-08,0.726027392,,,,,,,
2013,(YPO4)0.5(Li3PO4)0.5,10.1016/0167-2738(89)90457-8,298.15,6.68E-11,-10.1753005,Zircon,Oxides,-9.090005483,8.13E-10,1.177865273,,,,,,,
2014,LiGaSiO4,10.1016/0167-2738(87)90048-8,298.15,1.08E-11,-10.9652893,Phenakite,Oxides,-9.934105582,1.16E-10,1.06333986,,,,,,,
2015,Li0.68Ga0.68Si2.33O6,10.1016/0167-2738(87)90048-8,298.15,3.15E-11,-10.50228226,Phenakite,Oxides,-9.230488434,5.88E-10,1.617459535,,,,,,,
2016,Li0.96Ga0.96Si2.04O6,10.1016/0167-2738(87)90048-8,298.15,2.35E-11,-10.62874643,Phenakite,Oxides,-9.177837131,6.64E-10,2.105137794,,,,,,,
2017,Li4Al0.33Si0.33P0.33O4,10.1021/acsami.6b14402,298.15,3.25E-06,-5.487904825,LISICON,Oxides,-4.722036431,1.90E-05,0.586554398,,,,,,,
2018,Li4Al0.33Si0.17Ge0.17P0.33O4,10.1021/acsami.6b14402,298.15,1.61E-06,-5.792359875,LISICON,Oxides,-4.787061272,1.63E-05,1.010625282,,,,,,,
2019,Li4.25Si0.75Al0.25O4,10.1021/acsami.6b14402,298.15,2.02E-08,-7.695350471,LISICON,Oxides,-6.612741705,2.44E-07,1.172041739,,,,,,,
2020,Li3.75Si0.75P0.25O4,10.1021/acsami.6b14402,298.15,5.54E-07,-6.25635315,LISICON,Oxides,-5.579961932,2.63E-06,0.45750508,,,,,,,
2021,LiCaTiNbO6,10.1021/cm9810382,298.15,6.07E-07,-6.216929275,Perovskite,Oxides,-5.403283936,3.95E-06,0.662018738,,,,,,,
2022,Li3Cr(MoO4)3,10.1039/B301189e,298.15,3.19E-09,-8.496443639,LISICON,Oxides,-7.300554434,5.01E-08,1.430150991,,,,,,,
2023,Li2Mg2(MoO4)3,10.1039/B301189e,298.15,5.35E-12,-11.2712539,Lysonite,Oxides,-9.975743082,1.06E-10,1.678348279,,,,,,,
2024,Li3Fe(MoO4)3,10.1039/B301189e,298.15,5.89E-10,-9.229824822,Lysonite,Oxides,-7.753468625,1.76E-08,2.17962762,,,,,,,
2025,Li6FeCl8,10.1002/zaac.19875531020,298.15,8.97E-08,-7.047042731,Rocksalt,Halides,-6.374392331,4.22E-07,0.452458561,,,,,,,
2026,Li4.8Si0.2Al0.8S4,10.1006/jssc.2002.9701,298.15,1.07E-06,-5.971412549,Thio-LISICON,Sulphides,-5.460153871,3.47E-06,0.261385435,,,,,,,
2027,Li3.6Ge0.4P0.6S4,10.1149/1.1379028,298.15,0.000221356,-3.654909409,Thio-LISICON,Sulphides,-3.243325941,0.00057105,0.169400951,,,,,,,
2028,Li3.35Ge0.35P0.65S4,10.1149/1.1379028,298.15,0.001830655,-2.737393551,Thio-LISICON,Sulphides,-1.781606075,0.016534609,0.9135297,,,,,,,
2029,Li6NiCl8,10.1002/zaac.19875531020,298.15,2.69E-10,-9.569675406,Rocksalt,Halides,-8.842231414,1.44E-09,0.529174761,,,,,,,
2030,Li6CoCl8,10.1002/zaac.19875531020,298.15,1.51E-06,-5.821821295,Rocksalt,Halides,-4.782061512,1.65E-05,1.081100407,,,,,,,
2031,LiF,"Journal De Physique 26 339-341, 1965",298.15,1.18E-14,-13.92960042,Rocksalt,Halides,-12.48773301,3.25E-13,2.078981625,,,,,,,
499,Li6PS5Cl,10.1016/j.ssi.2012.06.008,298.51,5.37E-04,-3.270025714,Argyrodite,Sulphides and Other Anions,-2.447251114,0.003570663,0.676958043,,,,,,,
3,Li2.4OH0.6Cl,10.1002/aenm.201700971,299.15,8.90E-08,-7.050609993,Anti-Perovskite,Oxides and Other Anions,-6.351915332,4.45E-07,0.488174229,,,,,,,
4,Li2.1OH0.9Cl,10.1002/aenm.201700971,299.15,8.05E-08,-7.09420412,Anti-Perovskite,Oxides and Other Anions,-5.940998748,1.15E-06,1.329882631,,,,,,,
5,Li2OHCl,10.1002/aenm.201700971,299.15,7.11E-08,-7.148130399,Anti-Perovskite,Oxides and Other Anions,-6.53083295,2.95E-07,0.381056141,,,,,,,
6,Li2.7OH0.3Cl,10.1002/aenm.201700971,299.15,7.30E-09,-8.13667714,Anti-Perovskite,Oxides and Other Anions,-7.284859043,5.19E-08,0.725594071,,,,,,,
589,"""(Li2S)0.75 (P2S5)0.25""",10.1021/acsomega.8b00377,299.44,1.81E-04,-3.742321425,Glass,Sulphides,-3.464983309,0.000342781,0.076916431,,,,,,,
829,Li1.5Al0.5Ge1.5(PO4)3,10.1016/j.jpowsour.2009.11.037,299.73,4.43E-03,-2.353596274,NASICON,Oxides,-1.494802815,0.032003478,0.737526205,,,,,,,
22,La0.57Li0.29TiO3,10.1016/j.jpowsour.2012.11.098,300,1.60E-03,-2.795880017,Perovskite,Oxides,-2.18480224,0.00653428,0.37341605,,,,,,,
45,Li6.5La2.9Ba0.1Zr1.4Ta0.6O12,10.3389/fenrg.2016.00028,300,8.30E-04,-3.080921908,Garnet,Oxides,-2.153279568,0.007026199,0.860520311,,,,,,,
46,Li6.5La3Zr1.5Ta0.5O12,10.3389/fenrg.2016.00028,300,7.94E-04,-3.100179498,Garnet,Oxides,-2.624143103,0.002376057,0.226610649,,,,,,,
18,Li3.4Si0.4P0.6S4,10.1006/jssc.2002.9701,300.15,6.40E-04,-3.193820026,Thio-LISICON,Sulphides,-2.569632133,0.002693816,0.389610526,,,,,,,
221,Li6CaLa2Ta2O12,10.1016/j.ssi.2008.10.022,300.15,2.24E-06,-5.649751982,Garnet,Oxides,-4.581988098,2.62E-05,1.140119712,,,,,,,
300,Li3.2Ge0.2P0.8S4,10.1149/1.1379028,300.15,5.40E-04,-3.26760624,Thio-LISICON,Sulphides,-2.923142233,0.001193597,0.118655452,,,,,,,
505,"""(Li2O)50((SeO2)0.5 (B2O3)0.5)50""",10.1016/S0167-2738(02)00137-6,300.15,7.54E-07,-6.122628654,Glass,Oxides,-5.572152992,2.68E-06,0.303023454,,,,,,,
587,LiBH4,10.1021/acsomega.8b00377,300.15,9.89E-08,-7.004803708,Other,Other,-6.344919948,4.52E-07,0.435446577,,,,,,,
603,Li0.34La0.51TiO2.94,10.1016/0038-1098(93)90841-A,300.15,1.02E-03,-2.991399828,Perovskite,Oxides,-2.596611838,0.00253156,0.155857557,,,,,,,
606,Li0.10La0.63TiO3,10.1016/0167-2738(94)90309-3,300.15,7.90E-05,-4.102372909,Perovskite,Oxides,-3.302831648,0.00049793,0.639266228,,,,,,,
608,(La0.5Li0.5)0.75(La0.5Na0.5)0.25TiO3,10.1016/0167-2738(94)90309-3,300.15,1.58E-04,-3.800244823,Perovskite,Oxides,-2.780036034,0.001659449,1.040825973,,,,,,,
655,Li0.067La0.64TiO2.99,10.1016/0167-2738(94)90309-3,300.15,7.90E-05,-4.102372909,Perovskite,Oxides,-3.377076856,0.000419685,0.526054365,,,,,,,
660,Li0.10La0.66Ti0.90Al0.10O3,10.1021/cm011149s,300.15,7.34E-06,-5.13430394,Perovskite,Oxides,-4.624635102,2.37E-05,0.259762324,,,,,,,
661,Li0.06La0.66Ti0.93Al0.06O3,10.1021/cm011149s,300.15,1.68E-06,-5.774690718,Perovskite,Oxides,-4.525523843,2.98E-05,1.560417881,,,,,,,
775,Li7La3Zr2O12 ,10.1016/j.jssc.2009.05.020,300.15,1.52E-06,-5.818156412,Garnet,Oxides,-5.217071555,6.07E-06,0.361303006,,,,,,,
776,Li7La3Hf2O12,10.1016/j.jssc.2009.10.030,300.15,9.73E-07,-6.01188716,Garnet,Oxides,-4.8136496,1.54E-05,1.435773251,,,,,,,
785,Li6.6La2.75Y0.25Zr1.6Ta0.4O12,10.1021/am503731h,300.15,4.36E-04,-3.360513511,Garnet,Oxides,-2.414731939,0.003848292,0.894502782,,,,,,,
786,Li6.6La2.875Y0.125Zr1.6Ta0.4O12 ,10.1021/am503731h,300.15,3.17E-04,-3.498940738,Garnet,Oxides,-3.069697884,0.00085173,0.184249428,,,,,,,
787,Li6.6La2.5Y0.5Zr1.6Ta0.4O12 ,10.1021/am503731h,300.15,2.26E-04,-3.645891561,Garnet,Oxides,-3.085006408,0.000822231,0.314592155,,,,,,,
821,Li10SiP2S12,10.1149/2.0501412jes,300.15,2.30E-03,-2.638272164,Thio-LISICON,Sulphides,-2.42206373,0.003783871,0.046746087,,,,,,,
832,Li1.5Al0.5Ge1.5(PO4)3,10.1149/1.2988731,301.09,5.26E-03,-2.279014256,NASICON,Oxides,-1.329302343,0.046848712,0.901952718,,,,,,,
185,"""(Li2S)0.5 ((Ga2S3)0.1 (GeS2)0.9)0.5""",10.1016/j.ssi.2007.10.011,301.15,6.70E-05,-4.173925197,Glass,Sulphides,-3.410815022,0.000388316,0.582337139,,,,,,,
235,Li0.24La0.59TiO3,10.1016/j.ssi.2009.08.002,302.15,7.60E-05,-4.119186408,Perovskite,Oxides,-3.448298565,0.000356206,0.450090498,,,,,,,
867,Li7La3Zr2O12,10.1016/j.jpowsour.2012.02.031,302.15,2.30E-05,-4.638272164,Garnet,Oxides,-3.813197411,0.000153746,0.680748347,,,,,,,
669,Li3O(Cl0.5Br0.5),10.1021/ja305709z,302.76,9.38E-04,-3.027797162,Anti-Perovskite,Oxides and Other Anions,-2.198369731,0.006333303,0.687949863,,,,,,,
23,Li6.5La3Zr1.75Te0.25O12,10.1016/j.jpowsour.2013.03.166,303,1.07E-04,-3.972242795,Garnet,Oxides,-2.89394589,0.001276598,1.162724214,,,,,,,
64,Li0.022 La0.117 Ti0.208 Al0.001 O0.626,10.1007/BF02378009,303.15,1.26E-03,-2.89997427,Perovskite,Oxides,-2.585194843,0.002598993,0.099086087,,,,,,,
106,"""(LiCl)0.5 (P2O5)0.5""",10.1007/s11581-008-0276-2,303.15,6.83E-08,-7.165859166,Glass,Oxides and Other Anions,-5.940632151,1.15E-06,1.501181238,,,,,,,
115,Li0.5La0.5TiO3,10.1016/j.jallcom.2009.07.091,303.15,5.80E-06,-5.236572006,Perovskite,Oxides,-4.697316913,2.01E-05,0.290796056,,,,,,,
228,Li7La3Ta2O13,10.1016/j.ssi.2009.07.002,303.15,2.65E-06,-5.576754126,Garnet,Oxides,-4.913828796,1.22E-05,0.439469994,,,,,,,
268,Li9SiAlO8,10.1149/1.1836980,303.15,2.30E-07,-6.638272164,Glass,Oxides,-6.114560057,7.68E-07,0.274274371,,,,,,,
350,Li1.2Al1.1Ta0.9(PO4)3,10.1039/A807007E,303.15,6.50E-07,-6.187086643,NASICON,Oxides,-5.276486699,5.29E-06,0.829192258,,,,,,,
351,LiAlTa(PO4)3,10.1039/A807007E,303.15,6.50E-07,-6.187086643,NASICON,Oxides,-5.382970341,4.14E-06,0.646603027,,,,,,,
446,LiCrSb(PO4)3,10.1063/1.2357843,303.15,3.57E-10,-9.447331784,NASICON,Oxides,-8.276883757,5.29E-09,1.369948584,,,,,,,
448,LiAlSb(PO4)3,10.1063/1.2357843,303.15,3.17E-08,-7.498940738,NASICON,Oxides,-6.540183144,2.88E-07,0.919216125,,,,,,,
449,LiFeSb(PO4)3,10.1063/1.2357843,303.15,1.37E-06,-5.863279433,NASICON,Oxides,-4.660949345,2.18E-05,1.445597641,,,,,,,
495,LiFePO4 ,10.1016/j.ssi.2008.06.028,303.15,1.10E-09,-8.958607315,Olivine,Oxides,-7.514371711,3.06E-08,2.08581648,,,,,,,
534,LiTi2P3O12,10.1016/0167-2738(94)90332-8,303.15,4.00E-07,-6.397940009,NASICON,Oxides,-5.912135622,1.22E-06,0.236005903,,,,,,,
535,LiZr2P3O12,10.1016/0167-2738(94)90332-8,303.15,5.00E-08,-7.301029996,NASICON,Oxides,-6.557206837,2.77E-07,0.553272892,,,,,,,
540,Li3.8Ge0.8P0.2O4,10.1021/acs.chemmater.8b01504,303.15,1.03E-06,-5.987162775,LISICON,Oxides,-4.927759813,1.18E-05,1.122334637,,,,,,,
541,Li3PO4,10.1021/acs.chemmater.8b01504,303.15,1.75E-13,-12.75696195,LISICON,Oxides,-11.29317489,5.09E-12,2.142672556,,,,,,,
542,Li3VO4,10.1021/acs.chemmater.8b01504,303.15,9.20E-14,-13.03621217,LISICON,Oxides,-12.0304697,9.32E-13,1.011517914,,,,,,,
543,Li3.2Ge0.2P0.8O4,10.1021/acs.chemmater.8b01504,303.15,1.14E-06,-5.943095149,LISICON,Oxides,-5.384075253,4.13E-06,0.312503244,,,,,,,
544,Li3V0.6P0.4O4,10.1021/acs.chemmater.8b01504,303.15,3.55E-13,-12.44977165,LISICON,Oxides,-10.84104246,1.44E-11,2.588009602,,,,,,,
546,Li3P0.2V0.8O4,10.1021/acs.chemmater.8b01504,303.15,1.31E-13,-12.88438949,LISICON,Oxides,-11.50084786,3.16E-12,1.914187441,,,,,,,
547,Li3.6Ge0.6P0.4O4,10.1021/acs.chemmater.8b01504,303.15,1.10E-05,-4.958607315,LISICON,Oxides,-4.582239676,2.62E-05,0.1416526,,,,,,,
548,Li3.4Ge0.4P0.6O4,10.1021/acs.chemmater.8b01504,303.15,4.50E-06,-5.346787486,LISICON,Oxides,-4.934261092,1.16E-05,0.170178026,,,,,,,
549,Li3.2Ge0.2V0.8O4,10.1021/acs.chemmater.8b01504,303.15,1.90E-05,-4.721246399,LISICON,Oxides,-3.639848964,0.000229166,1.169420412,,,,,,,
550,Li3.6Ge0.6V0.4O4,10.1021/acs.chemmater.8b01504,303.15,3.19E-05,-4.496209317,LISICON,Oxides,-3.771563406,0.000169214,0.525111696,,,,,,,
551,Li3.8Ge0.8V0.2O4,10.1021/acs.chemmater.8b01504,303.15,2.71E-06,-5.567030709,LISICON,Oxides,-4.888290019,1.29E-05,0.460688925,,,,,,,
553,Li3.4Ge0.4V0.6O4,10.1021/acs.chemmater.8b01504,303.15,8.89E-07,-6.051098239,LISICON,Oxides,-4.940260703,1.15E-05,1.23396003,,,,,,,
554,Li3P0.6V0.4O4,10.1021/acs.chemmater.8b01504,303.15,3.20E-13,-12.49485002,LISICON,Oxides,-11.11907943,7.60E-12,1.892744707,,,,,,,
555,Li4GeO4,10.1021/acs.chemmater.8b01504,303.15,1.30E-12,-11.88605665,LISICON,Oxides,-10.66761287,2.15E-11,1.484605249,,,,,,,
556,Li3P0.8V0.2O4,10.1021/acs.chemmater.8b01504,303.15,2.05E-13,-12.68824614,LISICON,Oxides,-11.62913801,2.35E-12,1.12171004,,,,,,,
641,Li0.3Sr0.6Ti0.45Fe0.05Ta0.5O3,10.1149/1.1629102,303.15,6.00E-05,-4.22184875,Perovskite,Oxides,-3.10846639,0.000778993,1.23962028,,,,,,,
642,Li0.3Sr0.6Ti0.5Ta0.5O3,10.1149/1.1629102,303.15,1.70E-04,-3.769551079,Perovskite,Oxides,-3.305797058,0.000494542,0.215067792,,,,,,,
643,Li0.3Sr0.6Ti0.5Nb0.5O3,10.1149/1.1629102,303.15,5.40E-06,-5.26760624,Perovskite,Oxides,-4.209007722,6.18E-05,1.120630822,,,,,,,
651,LiSr2Ti2TaO9,10.1021/cm9810382,303.15,3.20E-05,-4.494850022,Perovskite,Oxides,-3.650988815,0.000223363,0.712101736,,,,,,,
654,LiBa2Ti2NbO9,10.1021/cm9810382,303.15,1.00E-07,-7,Perovskite,Oxides,-6.356311788,4.40E-07,0.414334515,,,,,,,
683,Li0.36La0.55TiO3,10.1021/cm9810382,303.15,2.00E-05,-4.698970004,Perovskite,Oxides,-3.820351228,0.000151234,0.771970953,,,,,,,
771,Li6.75La3Zr1.875Te0.125O12 ,10.1016/j.jpowsour.2013.03.166,303.15,3.77E-05,-4.424235019,Garnet,Oxides,-4.027784081,9.38E-05,0.157173346,,,,,,,
779,Li2.2Zn0.1Zr0.9S3,10.1016/j.ssi.2008.01.055,303.15,1.20E-04,-3.920818754,Thio-LISICON,Sulphides,-3.169339191,0.000677112,0.564721533,,,,,,,
802,Li6.7La3Zr1.7Ta0.3O12,10.1016/j.ceramint.2018.09.245,303.15,1.03E-03,-2.987162775,Garnet,Oxides,-2.09229678,0.008085432,0.800785148,,,,,,,
806,Li6.6La3Zr1.6Sb0.4O12,10.1039/C3CP50991E,303.15,7.70E-04,-3.113509275,Garnet,Oxides,-2.087846133,0.008168717,1.05198488,,,,,,,
807,Li6.4La3Zr1.4Sb0.6O12 ,10.1039/C3CP50991E,303.15,6.60E-04,-3.180456064,Garnet,Oxides,-2.311422294,0.004881774,0.755219693,,,,,,,
809,Li6La3ZrSbO12 ,10.1039/C3CP50991E,303.15,2.60E-04,-3.585026652,Garnet,Oxides,-3.26623395,0.000541709,0.101628787,,,,,,,
810,Li6.8La3Zr1.8Sb0.2O12 ,10.1039/C3CP50991E,303.15,5.90E-05,-4.229147988,Garnet,Oxides,-3.767395265,0.000170846,0.213215578,,,,,,,
840,Li6SrLa2Ta2O12,10.1002/adfm.200400044,303.15,7.00E-06,-5.15490196,Garnet,Oxides,-4.256047142,5.55E-05,0.807939984,,,,,,,
853,"""(Li2S)9(LaOI)""",10.1016/j.ssi.2008.01.072,303.15,8.13E-09,-8.089909454,Glass,Sulphides and Other Anions,-7.287939267,5.15E-08,0.64315618,,,,,,,
855,"""(AgI)0.5(LiPO3)0.5""",10.1016/j.ssi.2008.04.015,303.15,4.10E-08,-7.387216143,Glass,Oxides and Other Anions,-6.651367229,2.23E-07,0.541473625,,,,,,,
857,"""(Li2S)2(LaOI)5""",10.1016/j.ssi.2008.01.072,303.15,6.92E-08,-7.159893906,Glass,Sulphides and Other Anions,-6.366389652,4.30E-07,0.629649001,,,,,,,
858,"""(Li2S)(LaOI)""",10.1016/j.ssi.2008.01.072,303.15,2.75E-07,-6.560667306,Glass,Sulphides and Other Anions,-5.606817691,2.47E-06,0.909829088,,,,,,,
862,"""(Li2S)7(LaOI)3""",10.1016/j.ssi.2008.01.072,303.15,2.88E-06,-5.540607512,Glass-Ceramic,Sulphides and Other Anions,-4.429519165,3.72E-05,1.234517315,,,,,,,
893,Li4.4Al0.4Ge0.6S4,10.1021/acs.chemmater.8b03175,303.15,4.33E-05,-4.363512104,Thio-LISICON,Sulphides,-3.73467642,0.000184214,0.395434317,,,,,,,
894,Li4.4Al0.4Sn0.6S4,10.1021/acs.chemmater.8b03175,303.15,4.39E-06,-5.35753548,Thio-LISICON,Sulphides,-4.795214895,1.60E-05,0.31620444,,,,,,,
895,Li4.4Ga0.4Ge0.6S4,10.1021/acs.chemmater.8b03175,303.15,1.63E-05,-4.787812396,Thio-LISICON,Sulphides,-4.360402892,4.36E-05,0.182678884,,,,,,,
896,Li4.4Ga0.4Sn0.6S4,10.1021/acs.chemmater.8b03175,303.15,3.20E-06,-5.494850022,Thio-LISICON,Sulphides,-5.091819192,8.09E-06,0.16243385,,,,,,,
927,Li0.022 La0.118 Ti0.2 Al0.004 O0.631,10.1007/BF02378009,303.15,8.91E-04,-3.049976093,Perovskite,Oxides,-2.143292023,0.007189654,0.822076003,,,,,,,
930,Li2ZrS3,10.1016/j.ssi.2008.01.055,303.15,7.30E-06,-5.13667714,Thio-LISICON,Sulphides,-4.762660712,1.73E-05,0.139888289,,,,,,,
931,Li0.022 La0.115 Ti0.165 Al0.055 O0.618,10.1007/BF02378009,303.15,5.25E-04,-3.280006174,Perovskite,Oxides,-2.931013148,0.00117216,0.121796132,,,,,,,
